Arc Floor One,11/26/2022,03:09 PM,Open,45,11/27/2022,09:11 AM,23,09:49 AM,33,11/27/2022,09:49 AM,33
Climbing,11/22/2022,09:13 PM,Closed,0,11/22/2022,09:13 PM,0,09:13 PM,0,11/22/2022,09:13 PM,0
Arc Olympic Lifting Zones,11/26/2022,03:09 PM,Open,20,11/27/2022,09:11 AM,7,09:11 AM,7,11/27/2022,09:11 AM,7
Arc Floor Two,11/26/2022,03:09 PM,Open,17,11/27/2022,09:11 AM,20,09:49 AM,21,11/27/2022,09:49 AM,21
South Court,11/26/2022,03:09 PM,Open,1,11/27/2022,09:11 AM,0,09:49 AM,0,11/27/2022,09:49 AM,0
Four Court Gym,11/26/2022,03:09 PM,Open,7,11/27/2022,09:11 AM,1,09:49 AM,2,11/27/2022,09:49 AM,2
North Court,11/26/2022,03:09 PM,Open,0,11/27/2022,09:11 AM,0,09:49 AM,0,11/27/2022,09:49 AM,0
Recreation Pool,11/26/2022,03:00 PM,Open,1,11/26/2022,03:00 PM,1,03:00 PM,1,11/27/2022,10:25 AM,4
Competition Pool,11/26/2022,03:00 PM,Open,1,11/26/2022,03:00 PM,1,03:00 PM,1,11/27/2022,10:25 AM,3
Arc Express,11/22/2022,08:49 PM,Open,3,11/22/2022,08:49 PM,3,08:49 PM,3,11/22/2022,08:49 PM,3
Spa,11/26/2022,02:22 PM,Closed,1,11/26/2022,02:22 PM,1,02:22 PM,1,11/26/2022,02:22 PM,1
Aquaplex Pool Deck,11/26/2022,03:00 PM,Open,0,11/26/2022,03:00 PM,0,03:00 PM,0,11/26/2022,03:00 PM,0
Tennis Courts,11/26/2022,03:00 PM,Open,2,11/26/2022,03:00 PM,2,03:00 PM,2,11/26/2022,03:00 PM,2
Arc Floor One,11/27/2022,09:49 AM,33,09:49 AM,33,09:49 AM,33,09:49 AM,04:18 PM,45,11/27/2022,04:18 PM
Climbing,11/22/2022,09:13 PM,0,09:13 PM,0,09:13 PM,0,09:13 PM,09:13 PM,0,11/22/2022,09:13 PM
Arc Olympic Lifting Zones,11/27/2022,09:11 AM,7,09:11 AM,7,09:11 AM,7,09:11 AM,04:18 PM,25,11/27/2022,04:18 PM
Arc Floor Two,11/27/2022,09:49 AM,21,09:49 AM,21,09:49 AM,21,09:49 AM,04:18 PM,32,11/27/2022,04:18 PM
South Court,11/27/2022,09:49 AM,0,09:49 AM,0,09:49 AM,0,09:49 AM,04:18 PM,6,11/27/2022,04:18 PM
Four Court Gym,11/27/2022,09:49 AM,2,09:49 AM,2,09:49 AM,2,09:49 AM,04:18 PM,12,11/27/2022,04:18 PM
North Court,11/27/2022,09:49 AM,0,09:49 AM,0,09:49 AM,0,09:49 AM,04:18 PM,0,11/27/2022,04:18 PM
Recreation Pool,11/27/2022,11:49 AM,0,01:29 PM,2,02:52 PM,1,02:52 PM,02:52 PM,1,11/27/2022,04:58 PM
Competition Pool,11/27/2022,11:49 AM,1,11:49 AM,1,11:49 AM,1,11:49 AM,11:49 AM,1,11/27/2022,04:58 PM
Arc Express,11/22/2022,08:49 PM,3,08:49 PM,3,08:49 PM,3,08:49 PM,08:49 PM,3,11/22/2022,08:49 PM
Spa,11/26/2022,02:22 PM,1,02:22 PM,1,02:22 PM,1,02:22 PM,02:22 PM,1,11/26/2022,02:22 PM
Aquaplex Pool Deck,11/27/2022,11:49 AM,2,11:49 AM,2,11:49 AM,2,03:56 PM,03:56 PM,0,11/27/2022,04:58 PM
Tennis Courts,11/26/2022,03:00 PM,2,03:00 PM,2,03:00 PM,2,03:00 PM,03:00 PM,2,11/27/2022,04:58 PM
Arc Floor One,Open,45,05:16 PM,44,05:56 PM,43,07:06 PM,62,08:13 PM,60,09:06 PM,41
Climbing,Closed,0,09:13 PM,0,09:13 PM,0,09:13 PM,0,09:13 PM,0,09:13 PM,0
Arc Olympic Lifting Zones,Open,25,05:16 PM,29,05:56 PM,19,07:06 PM,26,08:13 PM,21,09:06 PM,18
Arc Floor Two,Open,32,05:16 PM,33,05:56 PM,36,07:06 PM,31,08:13 PM,34,09:06 PM,21
South Court,Open,6,05:16 PM,7,05:57 PM,11,07:06 PM,6,08:13 PM,9,09:06 PM,4
Four Court Gym,Open,12,05:16 PM,15,05:57 PM,17,07:06 PM,12,08:13 PM,7,09:06 PM,21
North Court,Open,0,05:16 PM,0,05:57 PM,0,07:06 PM,0,08:13 PM,2,09:06 PM,2
Recreation Pool,Closed,0,04:58 PM,0,04:58 PM,0,04:58 PM,0,04:58 PM,0,04:58 PM,0
Competition Pool,Closed,0,04:58 PM,0,04:58 PM,0,04:58 PM,0,04:58 PM,0,04:58 PM,0
Arc Express,Open,3,08:49 PM,3,08:49 PM,3,08:49 PM,3,08:49 PM,3,08:49 PM,3
Spa,Closed,1,02:22 PM,1,02:22 PM,1,02:22 PM,1,02:22 PM,1,02:22 PM,1
Aquaplex Pool Deck,Closed,0,04:58 PM,0,04:58 PM,0,04:58 PM,0,04:58 PM,0,04:58 PM,0
Tennis Courts,Closed,0,04:58 PM,0,04:58 PM,0,04:58 PM,0,04:58 PM,0,04:58 PM,0
Arc Floor One,10:17 PM,33,11:06 PM,19,11/28/2022,06:08 AM,26,07:22 AM,50,07:33 AM,41,08:09 AM
Climbing,09:13 PM,0,09:13 PM,0,11/22/2022,09:13 PM,0,09:13 PM,0,09:13 PM,0,09:13 PM
Arc Olympic Lifting Zones,10:17 PM,13,11:06 PM,13,11/28/2022,06:08 AM,13,07:22 AM,30,07:33 AM,22,08:09 AM
Arc Floor Two,10:17 PM,16,11:06 PM,12,11/28/2022,06:08 AM,26,07:22 AM,29,07:33 AM,32,08:09 AM
South Court,10:17 PM,3,11:06 PM,1,11/28/2022,06:08 AM,0,07:22 AM,0,07:33 AM,0,08:09 AM
Four Court Gym,10:17 PM,11,11:06 PM,5,11/28/2022,06:08 AM,0,07:22 AM,2,07:33 AM,0,08:09 AM
North Court,10:17 PM,0,11:06 PM,0,11/28/2022,06:08 AM,0,07:22 AM,0,07:33 AM,0,07:33 AM
Recreation Pool,04:58 PM,0,04:58 PM,0,11/27/2022,04:58 PM,0,04:58 PM,0,04:58 PM,0,04:58 PM
Competition Pool,04:58 PM,0,04:58 PM,0,11/27/2022,04:58 PM,0,04:58 PM,0,04:58 PM,0,04:58 PM
Arc Express,08:49 PM,3,08:49 PM,3,11/22/2022,08:49 PM,3,08:49 PM,3,08:49 PM,3,08:49 PM
Spa,02:22 PM,1,02:22 PM,1,11/26/2022,02:22 PM,1,02:22 PM,1,02:22 PM,1,02:22 PM
Aquaplex Pool Deck,04:58 PM,0,04:58 PM,0,11/27/2022,04:58 PM,0,04:58 PM,0,04:58 PM,0,04:58 PM
Tennis Courts,04:58 PM,0,04:58 PM,0,11/27/2022,04:58 PM,0,04:58 PM,0,04:58 PM,0,04:58 PM
Arc Floor One,62,11/28/2022,08:09 AM,62,09:05 AM,70,09:05 AM,11/28/2022,09:05 AM,Open,70,09:05 AM
Climbing,0,11/22/2022,09:13 PM,0,09:13 PM,0,09:13 PM,11/22/2022,09:13 PM,Closed,0,09:13 PM
Arc Olympic Lifting Zones,27,11/28/2022,08:09 AM,27,09:05 AM,29,09:05 AM,11/28/2022,09:05 AM,Open,29,09:05 AM
Arc Floor Two,44,11/28/2022,08:09 AM,44,09:05 AM,45,09:05 AM,11/28/2022,09:05 AM,Open,45,09:05 AM
South Court,0,11/28/2022,08:09 AM,0,09:05 AM,0,09:05 AM,11/28/2022,09:05 AM,Open,0,09:05 AM
Four Court Gym,3,11/28/2022,08:09 AM,3,09:06 AM,12,09:06 AM,11/28/2022,09:06 AM,Open,12,09:06 AM
North Court,0,11/28/2022,07:33 AM,0,09:05 AM,0,09:05 AM,11/28/2022,09:05 AM,Open,0,09:05 AM
Recreation Pool,0,11/27/2022,04:58 PM,0,04:58 PM,0,04:58 PM,11/28/2022,10:05 AM,Open,0,10:05 AM
Competition Pool,0,11/27/2022,04:58 PM,0,04:58 PM,0,04:58 PM,11/28/2022,10:05 AM,Open,2,10:05 AM
Arc Express,3,11/28/2022,08:44 AM,8,09:05 AM,6,09:43 AM,11/28/2022,10:01 AM,Open,5,10:34 AM
Spa,1,11/26/2022,02:22 PM,1,02:22 PM,1,02:22 PM,11/28/2022,10:06 AM,Open,0,10:06 AM
Aquaplex Pool Deck,0,11/27/2022,04:58 PM,0,04:58 PM,0,04:58 PM,11/28/2022,10:06 AM,Open,1,10:06 AM
Tennis Courts,0,11/27/2022,04:58 PM,0,04:58 PM,0,04:58 PM,11/27/2022,04:58 PM,Closed,0,04:58 PM
Arc Floor One,70,10:41 AM,83,10:41 AM,Open,83,10:41 AM,83,10:41 AM,83,12:18 PM,83
Climbing,0,09:13 PM,0,09:13 PM,Closed,0,09:13 PM,0,09:13 PM,0,09:13 PM,0
Arc Olympic Lifting Zones,29,10:41 AM,32,10:41 AM,Open,32,10:41 AM,32,10:41 AM,32,12:18 PM,28
Arc Floor Two,45,10:41 AM,52,10:41 AM,Open,52,10:41 AM,52,10:41 AM,52,12:18 PM,40
South Court,0,10:41 AM,0,10:41 AM,Open,0,10:41 AM,0,10:41 AM,0,12:18 PM,0
Four Court Gym,12,10:41 AM,20,10:41 AM,Open,20,10:41 AM,20,10:41 AM,20,12:18 PM,5
North Court,0,10:41 AM,0,10:41 AM,Open,0,10:41 AM,0,10:41 AM,0,12:18 PM,0
Recreation Pool,0,10:05 AM,0,11:07 AM,Open,0,11:07 AM,0,11:07 AM,0,11:07 AM,0
Competition Pool,2,10:05 AM,2,11:07 AM,Open,0,11:07 AM,0,11:07 AM,0,11:07 AM,0
Arc Express,7,10:34 AM,7,10:34 AM,Open,7,11:20 AM,15,12:02 PM,19,12:02 PM,19
Spa,0,10:06 AM,0,11:07 AM,Closed,0,11:07 AM,0,11:07 AM,0,11:07 AM,0
Aquaplex Pool Deck,1,10:06 AM,1,11:07 AM,Open,0,11:07 AM,0,11:07 AM,0,11:07 AM,0
Tennis Courts,0,04:58 PM,0,04:58 PM,Closed,0,04:58 PM,0,04:58 PM,0,04:58 PM,0
Arc Floor One,11/28/2022,12:18 PM,83,12:18 PM,83,12:18 PM,83,12:18 PM,83,12:18 PM,83,12:18 PM
Climbing,11/22/2022,09:13 PM,0,09:13 PM,0,09:13 PM,0,09:13 PM,0,09:13 PM,0,09:13 PM
Arc Olympic Lifting Zones,11/28/2022,12:18 PM,28,12:18 PM,28,12:18 PM,28,12:18 PM,28,12:18 PM,28,12:18 PM
Arc Floor Two,11/28/2022,12:18 PM,40,12:18 PM,40,12:18 PM,40,12:18 PM,40,12:18 PM,40,12:18 PM
South Court,11/28/2022,12:18 PM,0,12:18 PM,0,12:18 PM,0,12:18 PM,0,12:18 PM,0,12:18 PM
Four Court Gym,11/28/2022,12:18 PM,5,12:18 PM,5,12:18 PM,5,12:18 PM,5,12:18 PM,5,12:18 PM
North Court,11/28/2022,12:18 PM,0,12:18 PM,0,12:18 PM,0,12:18 PM,0,12:18 PM,0,12:18 PM
Recreation Pool,11/28/2022,12:22 PM,5,12:22 PM,5,01:03 PM,2,01:03 PM,2,01:03 PM,2,02:14 PM
Competition Pool,11/28/2022,12:22 PM,2,12:22 PM,2,01:03 PM,11,01:03 PM,11,01:03 PM,11,02:14 PM
Arc Express,11/28/2022,12:02 PM,19,12:36 PM,22,01:01 PM,16,01:38 PM,28,02:03 PM,17,02:03 PM
Spa,11/26/2022,12:43 PM,1,12:43 PM,1,01:03 PM,0,01:03 PM,0,01:03 PM,0,01:03 PM
Aquaplex Pool Deck,11/28/2022,12:22 PM,0,12:22 PM,0,01:03 PM,0,01:03 PM,0,01:03 PM,0,02:14 PM
Tennis Courts,11/27/2022,04:58 PM,0,04:58 PM,0,04:58 PM,0,04:58 PM,0,04:58 PM,0,04:58 PM
Arc Floor One,83,12:18 PM,83,11/28/2022,03:17 PM,Open,106,03:17 PM,106,04:02 PM,124,04:02 PM
Climbing,0,09:13 PM,0,11/28/2022,03:17 PM,Open,12,03:17 PM,12,04:02 PM,22,04:02 PM
Arc Olympic Lifting Zones,28,12:18 PM,28,11/28/2022,03:17 PM,Open,49,03:17 PM,49,04:02 PM,59,04:02 PM
Arc Floor Two,40,12:18 PM,40,11/28/2022,03:17 PM,Open,80,03:17 PM,80,04:02 PM,103,04:02 PM
South Court,0,12:18 PM,0,11/28/2022,03:17 PM,Open,0,03:17 PM,0,03:17 PM,0,03:17 PM
Four Court Gym,5,12:18 PM,5,11/28/2022,03:17 PM,Open,9,03:17 PM,9,04:02 PM,13,04:02 PM
North Court,0,12:18 PM,0,11/28/2022,03:17 PM,Open,0,03:17 PM,0,04:02 PM,4,04:02 PM
Recreation Pool,3,03:01 PM,3,11/28/2022,03:01 PM,Open,3,03:01 PM,3,04:01 PM,1,04:01 PM
Competition Pool,0,03:01 PM,0,11/28/2022,03:01 PM,Open,0,03:01 PM,0,04:01 PM,2,04:01 PM
Arc Express,17,03:04 PM,12,11/28/2022,03:04 PM,Open,12,03:33 PM,26,04:02 PM,39,04:32 PM
Spa,0,01:03 PM,0,11/28/2022,01:03 PM,Closed,0,01:03 PM,0,01:03 PM,0,01:03 PM
Aquaplex Pool Deck,1,03:01 PM,0,11/28/2022,03:01 PM,Open,0,03:01 PM,0,04:01 PM,1,04:01 PM
Tennis Courts,0,04:58 PM,0,11/27/2022,04:58 PM,Closed,0,04:58 PM,0,04:58 PM,0,04:58 PM
Arc Floor One,04:56 PM,127,04:56 PM,127,11/28/2022,05:16 PM,Open,145,05:16 PM,145,05:16 PM,145
Climbing,04:56 PM,22,04:56 PM,22,11/28/2022,05:16 PM,Open,17,05:16 PM,17,05:16 PM,17
Arc Olympic Lifting Zones,04:56 PM,64,04:56 PM,64,11/28/2022,05:16 PM,Open,85,05:16 PM,85,05:16 PM,85
Arc Floor Two,04:56 PM,81,04:56 PM,81,11/28/2022,05:16 PM,Open,105,05:16 PM,105,05:16 PM,105
South Court,03:17 PM,0,03:17 PM,0,11/28/2022,05:16 PM,Open,0,05:16 PM,0,05:16 PM,0
Four Court Gym,04:02 PM,13,04:02 PM,13,11/28/2022,05:17 PM,Open,36,05:17 PM,36,05:17 PM,36
North Court,04:02 PM,4,04:02 PM,4,11/28/2022,05:17 PM,Open,0,05:17 PM,0,05:17 PM,0
Recreation Pool,04:01 PM,1,04:01 PM,1,11/28/2022,05:15 PM,Open,5,05:15 PM,5,05:15 PM,5
Competition Pool,04:01 PM,2,04:01 PM,2,11/28/2022,05:15 PM,Open,14,05:15 PM,14,05:15 PM,14
Arc Express,04:32 PM,39,05:02 PM,34,11/28/2022,05:02 PM,Open,34,05:30 PM,39,05:59 PM,37
Spa,01:03 PM,0,01:03 PM,0,11/28/2022,01:03 PM,Closed,0,01:03 PM,0,01:03 PM,0
Aquaplex Pool Deck,04:01 PM,1,04:01 PM,1,11/28/2022,05:15 PM,Open,2,05:15 PM,2,05:15 PM,2
Tennis Courts,04:58 PM,0,04:58 PM,0,11/28/2022,05:15 PM,Open,10,05:15 PM,10,05:15 PM,10
Arc Floor One,05:16 PM,145,05:16 PM,145,05:16 PM,145,07:23 PM,143,07:23 PM,143,07:23 PM,07:23 PM
Climbing,05:16 PM,17,05:16 PM,17,05:16 PM,17,07:23 PM,17,07:23 PM,17,07:23 PM,07:23 PM
Arc Olympic Lifting Zones,05:16 PM,85,05:16 PM,85,05:16 PM,85,07:23 PM,86,07:23 PM,86,07:23 PM,07:23 PM
Arc Floor Two,05:16 PM,105,05:16 PM,105,05:16 PM,105,07:23 PM,103,07:23 PM,103,07:23 PM,07:23 PM
South Court,05:16 PM,0,05:16 PM,0,05:16 PM,0,07:23 PM,0,07:23 PM,0,07:23 PM,07:23 PM
Four Court Gym,05:17 PM,36,05:17 PM,36,05:17 PM,36,07:23 PM,37,07:23 PM,37,07:23 PM,07:23 PM
North Court,05:17 PM,0,05:17 PM,0,05:17 PM,0,07:23 PM,1,07:23 PM,1,07:23 PM,07:23 PM
Recreation Pool,06:05 PM,5,06:05 PM,5,06:57 PM,0,06:57 PM,0,06:57 PM,0,06:57 PM,06:57 PM
Competition Pool,06:05 PM,12,06:05 PM,12,06:57 PM,0,06:57 PM,0,06:57 PM,0,06:57 PM,06:57 PM
Arc Express,05:59 PM,37,06:30 PM,35,07:01 PM,28,07:30 PM,16,07:30 PM,16,08:08 PM,08:30 PM
Spa,01:03 PM,0,01:03 PM,0,01:03 PM,0,01:03 PM,0,01:03 PM,0,01:03 PM,01:03 PM
Aquaplex Pool Deck,06:06 PM,3,06:06 PM,3,06:57 PM,4,06:57 PM,4,08:03 PM,2,08:03 PM,08:03 PM
Tennis Courts,06:06 PM,6,06:06 PM,6,06:57 PM,0,06:57 PM,0,06:57 PM,0,06:57 PM,06:57 PM
Arc Floor One,143,07:23 PM,143,07:23 PM,143,07:23 PM,Open,143,10:08 PM,Open,133,11/29/2022
Climbing,17,07:23 PM,17,07:23 PM,17,07:23 PM,Open,17,10:09 PM,Closed,0,11/28/2022
Arc Olympic Lifting Zones,86,07:23 PM,86,07:23 PM,86,07:23 PM,Open,86,10:09 PM,Open,53,11/29/2022
Arc Floor Two,103,07:23 PM,103,07:23 PM,103,07:23 PM,Open,103,10:09 PM,Open,85,11/29/2022
South Court,0,07:23 PM,0,07:23 PM,0,07:23 PM,Open,0,10:09 PM,Open,0,11/29/2022
Four Court Gym,37,07:23 PM,37,07:23 PM,37,07:23 PM,Open,37,10:09 PM,Open,44,11/29/2022
North Court,1,07:23 PM,1,07:23 PM,1,07:23 PM,Open,1,10:09 PM,Open,4,11/29/2022
Recreation Pool,0,06:57 PM,0,06:57 PM,0,06:57 PM,Open,0,06:57 PM,Open,0,11/28/2022
Competition Pool,0,06:57 PM,0,06:57 PM,0,06:57 PM,Open,0,06:57 PM,Open,0,11/28/2022
Arc Express,19,09:00 PM,28,09:29 PM,14,09:57 PM,Closed,0,09:57 PM,Closed,0,11/28/2022
Spa,0,01:03 PM,0,01:03 PM,0,01:03 PM,Closed,0,01:03 PM,Closed,0,11/28/2022
Aquaplex Pool Deck,2,08:03 PM,2,08:03 PM,2,08:03 PM,Open,2,08:03 PM,Open,2,11/28/2022
Tennis Courts,0,06:57 PM,0,06:57 PM,0,06:57 PM,Open,0,06:57 PM,Open,0,11/28/2022
Arc Floor One,12:16 AM,34,06:07 AM,20,07:20 AM,50,08:06 AM,66,11/29/2022,08:06 AM,66,08:06 AM
Climbing,10:09 PM,0,10:09 PM,0,10:09 PM,0,10:09 PM,0,11/28/2022,10:09 PM,0,10:09 PM
Arc Olympic Lifting Zones,12:16 AM,8,06:07 AM,10,07:20 AM,26,08:06 AM,26,11/29/2022,08:06 AM,26,08:06 AM
Arc Floor Two,12:16 AM,16,06:07 AM,15,07:20 AM,36,08:06 AM,51,11/29/2022,08:06 AM,51,08:06 AM
South Court,12:16 AM,2,06:07 AM,0,07:20 AM,0,07:20 AM,0,11/29/2022,07:20 AM,0,07:20 AM
Four Court Gym,12:16 AM,8,06:07 AM,1,07:20 AM,5,08:06 AM,1,11/29/2022,08:06 AM,1,08:06 AM
North Court,12:16 AM,1,06:07 AM,0,07:20 AM,0,07:20 AM,0,11/29/2022,07:20 AM,0,07:20 AM
Recreation Pool,06:57 PM,0,06:57 PM,0,06:57 PM,0,06:57 PM,0,11/28/2022,06:57 PM,0,06:57 PM
Competition Pool,06:57 PM,0,06:57 PM,0,06:57 PM,0,06:57 PM,0,11/28/2022,06:57 PM,0,06:57 PM
Arc Express,09:57 PM,0,09:57 PM,0,09:57 PM,0,09:57 PM,0,11/29/2022,08:35 AM,9,09:02 AM
Spa,01:03 PM,0,01:03 PM,0,01:03 PM,0,01:03 PM,0,11/28/2022,01:03 PM,0,01:03 PM
Aquaplex Pool Deck,08:03 PM,2,08:03 PM,2,08:03 PM,2,08:03 PM,2,11/28/2022,08:03 PM,2,08:03 PM
Tennis Courts,06:57 PM,0,06:57 PM,0,06:57 PM,0,06:57 PM,0,11/28/2022,06:57 PM,0,06:57 PM
Arc Floor One,66,08:06 AM,09:49 AM,91,09:49 AM,91,11/29/2022,09:49 AM,Open,91,09:49 AM,91
Climbing,0,10:09 PM,10:09 PM,0,10:09 PM,0,11/28/2022,10:09 PM,Closed,0,10:09 PM,0
Arc Olympic Lifting Zones,26,08:06 AM,09:49 AM,43,09:49 AM,43,11/29/2022,09:49 AM,Open,43,09:49 AM,43
Arc Floor Two,51,08:06 AM,09:49 AM,54,09:49 AM,54,11/29/2022,09:49 AM,Open,54,09:49 AM,54
South Court,0,07:20 AM,09:49 AM,2,09:49 AM,2,11/29/2022,09:49 AM,Open,2,09:49 AM,2
Four Court Gym,1,08:06 AM,09:49 AM,17,09:49 AM,17,11/29/2022,09:49 AM,Open,17,09:49 AM,17
North Court,0,07:20 AM,09:49 AM,1,09:49 AM,1,11/29/2022,09:49 AM,Open,1,09:49 AM,1
Recreation Pool,0,06:57 PM,06:57 PM,0,06:57 PM,0,11/29/2022,10:18 AM,Open,1,10:18 AM,1
Competition Pool,0,06:57 PM,06:57 PM,0,06:57 PM,0,11/29/2022,10:18 AM,Closed,0,10:18 AM,0
Arc Express,16,09:32 AM,09:32 AM,16,09:59 AM,22,11/29/2022,09:59 AM,Open,22,10:31 AM,17
Spa,0,01:03 PM,01:03 PM,0,01:03 PM,0,11/28/2022,01:03 PM,Closed,0,01:03 PM,0
Aquaplex Pool Deck,2,08:03 PM,08:03 PM,2,08:03 PM,2,11/29/2022,10:18 AM,Open,0,10:18 AM,0
Tennis Courts,0,06:57 PM,06:57 PM,0,06:57 PM,0,11/29/2022,10:18 AM,Closed,0,10:18 AM,0
Arc Floor One,09:49 AM,91,09:49 AM,91,09:49 AM,91,09:49 AM,91,01:16 PM,81,01:16 PM,81
Climbing,10:09 PM,0,10:09 PM,0,10:09 PM,0,10:09 PM,0,10:09 PM,0,10:09 PM,0
Arc Olympic Lifting Zones,09:49 AM,43,09:49 AM,43,09:49 AM,43,09:49 AM,43,01:16 PM,38,01:16 PM,38
Arc Floor Two,09:49 AM,54,09:49 AM,54,09:49 AM,54,09:49 AM,54,01:16 PM,63,01:16 PM,63
South Court,09:49 AM,2,09:49 AM,2,09:49 AM,2,09:49 AM,2,01:16 PM,0,01:16 PM,0
Four Court Gym,09:49 AM,17,09:49 AM,17,09:49 AM,17,09:49 AM,17,01:16 PM,6,01:16 PM,6
North Court,09:49 AM,1,09:49 AM,1,09:49 AM,1,09:49 AM,1,01:16 PM,1,01:16 PM,1
Recreation Pool,11:04 AM,2,11:04 AM,2,12:02 PM,1,12:02 PM,1,12:02 PM,1,12:02 PM,1
Competition Pool,11:03 AM,0,11:03 AM,0,12:02 PM,0,12:02 PM,0,12:02 PM,0,12:02 PM,0
Arc Express,11:01 AM,17,11:29 AM,15,12:03 PM,18,12:46 PM,26,12:46 PM,26,01:30 PM,10
Spa,01:03 PM,0,01:03 PM,0,01:03 PM,0,01:03 PM,0,01:03 PM,0,01:03 PM,0
Aquaplex Pool Deck,10:18 AM,0,10:18 AM,0,12:02 PM,2,12:02 PM,2,12:02 PM,2,12:02 PM,2
Tennis Courts,10:18 AM,0,10:18 AM,0,10:18 AM,0,10:18 AM,0,10:18 AM,0,10:18 AM,0
Arc Floor One,01:51 PM,101,01:51 PM,101,11/29/2022,03:15 PM,97,03:15 PM,97,03:15 PM,97,04:11 PM
Climbing,10:09 PM,0,10:09 PM,0,11/29/2022,03:15 PM,6,03:15 PM,6,03:15 PM,6,04:11 PM
Arc Olympic Lifting Zones,01:51 PM,46,01:51 PM,46,11/29/2022,03:15 PM,43,03:15 PM,43,03:15 PM,43,04:11 PM
Arc Floor Two,01:16 PM,63,01:16 PM,63,11/29/2022,03:15 PM,89,03:15 PM,89,03:15 PM,89,04:11 PM
South Court,01:51 PM,2,01:51 PM,2,11/29/2022,03:15 PM,5,03:15 PM,5,03:15 PM,5,04:11 PM
Four Court Gym,01:51 PM,14,01:51 PM,14,11/29/2022,03:15 PM,22,03:15 PM,22,03:15 PM,22,04:11 PM
North Court,01:51 PM,0,01:51 PM,0,11/29/2022,03:15 PM,0,03:15 PM,0,03:15 PM,0,03:15 PM
Recreation Pool,12:02 PM,1,12:02 PM,1,11/29/2022,12:02 PM,1,03:40 PM,2,03:40 PM,2,03:40 PM
Competition Pool,12:02 PM,0,12:02 PM,0,11/29/2022,12:02 PM,0,03:40 PM,9,03:40 PM,9,03:40 PM
Arc Express,01:30 PM,10,03:04 PM,25,11/29/2022,03:04 PM,25,03:04 PM,25,04:01 PM,21,04:01 PM
Spa,01:03 PM,0,01:03 PM,0,11/28/2022,01:03 PM,0,01:03 PM,0,01:03 PM,0,01:03 PM
Aquaplex Pool Deck,12:02 PM,2,12:02 PM,2,11/29/2022,12:02 PM,2,03:40 PM,3,03:40 PM,3,03:40 PM
Tennis Courts,10:18 AM,0,10:18 AM,0,11/29/2022,10:18 AM,0,10:18 AM,0,10:18 AM,0,10:18 AM
Arc Floor One,160,04:11 PM,160,04:11 PM,160,05:26 PM,155,05:26 PM,155,05:26 PM,155,05:26 PM
Climbing,8,04:11 PM,8,04:11 PM,8,05:26 PM,10,05:26 PM,10,05:26 PM,10,05:26 PM
Arc Olympic Lifting Zones,39,04:11 PM,39,04:11 PM,39,05:26 PM,43,05:26 PM,43,05:26 PM,43,05:26 PM
Arc Floor Two,105,04:11 PM,105,04:11 PM,105,05:26 PM,96,05:26 PM,96,05:26 PM,96,05:26 PM
South Court,7,04:11 PM,7,04:11 PM,7,05:26 PM,15,05:26 PM,15,05:26 PM,15,05:26 PM
Four Court Gym,25,04:11 PM,25,04:11 PM,25,05:26 PM,15,05:26 PM,15,05:26 PM,15,05:26 PM
North Court,0,03:15 PM,0,03:15 PM,0,05:26 PM,0,05:26 PM,0,05:26 PM,0,05:26 PM
Recreation Pool,2,03:40 PM,2,03:40 PM,2,03:40 PM,2,03:40 PM,2,06:06 PM,0,06:06 PM
Competition Pool,9,03:40 PM,9,03:40 PM,9,03:40 PM,9,03:40 PM,9,06:06 PM,6,06:06 PM
Arc Express,21,04:33 PM,19,05:01 PM,23,05:31 PM,22,06:01 PM,25,06:01 PM,25,06:32 PM
Spa,0,01:03 PM,0,01:03 PM,0,01:03 PM,0,01:03 PM,0,01:03 PM,0,01:03 PM
Aquaplex Pool Deck,3,03:40 PM,3,03:40 PM,3,03:40 PM,3,03:40 PM,3,06:06 PM,0,06:06 PM
Tennis Courts,0,10:18 AM,0,10:18 AM,0,10:18 AM,0,10:18 AM,0,06:06 PM,0,06:06 PM
Arc Floor One,155,05:26 PM,155,05:26 PM,155,08:34 PM,144,08:34 PM,144,09:16 PM,109,09:16 PM
Climbing,10,05:26 PM,10,05:26 PM,10,08:34 PM,25,08:34 PM,25,09:16 PM,0,09:16 PM
Arc Olympic Lifting Zones,43,05:26 PM,43,05:26 PM,43,08:34 PM,52,08:34 PM,52,09:16 PM,52,09:16 PM
Arc Floor Two,96,05:26 PM,96,05:26 PM,96,08:34 PM,96,08:34 PM,96,09:16 PM,74,09:16 PM
South Court,15,05:26 PM,15,05:26 PM,15,08:34 PM,20,08:34 PM,20,09:16 PM,17,09:16 PM
Four Court Gym,15,05:26 PM,15,05:26 PM,15,08:34 PM,43,08:34 PM,43,09:16 PM,43,09:16 PM
North Court,0,05:26 PM,0,05:26 PM,0,08:34 PM,2,08:34 PM,2,09:16 PM,4,09:16 PM
Recreation Pool,0,06:06 PM,0,06:06 PM,0,06:06 PM,0,06:06 PM,0,06:06 PM,0,06:06 PM
Competition Pool,6,07:04 PM,0,07:04 PM,0,07:04 PM,0,07:04 PM,0,07:04 PM,0,07:04 PM
Arc Express,38,07:09 PM,17,08:25 PM,19,08:25 PM,19,08:59 PM,21,08:59 PM,21,09:29 PM
Spa,0,01:03 PM,0,01:03 PM,0,01:03 PM,0,01:03 PM,0,01:03 PM,0,01:03 PM
Aquaplex Pool Deck,0,07:04 PM,3,07:04 PM,3,07:04 PM,3,07:04 PM,3,07:04 PM,3,07:04 PM
Tennis Courts,0,06:06 PM,0,06:06 PM,0,06:06 PM,0,06:06 PM,0,06:06 PM,0,06:06 PM
Arc Floor One,109,10:10 PM,117,11:08 PM,88,11/30/2022,12:04 AM,36,12:05 AM,38,08:23 AM,60
Climbing,0,09:16 PM,0,09:16 PM,0,11/29/2022,09:16 PM,0,09:16 PM,0,09:16 PM,0
Arc Olympic Lifting Zones,52,10:10 PM,34,11:08 PM,29,11/30/2022,12:04 AM,14,12:04 AM,14,08:23 AM,40
Arc Floor Two,74,10:10 PM,79,11:08 PM,61,11/30/2022,12:04 AM,28,12:04 AM,28,08:23 AM,62
South Court,17,10:10 PM,12,11:08 PM,10,11/30/2022,12:04 AM,0,12:04 AM,0,12:04 AM,0
Four Court Gym,43,10:10 PM,26,11:08 PM,26,11/30/2022,12:04 AM,9,12:04 AM,9,08:23 AM,8
North Court,4,10:10 PM,12,11:08 PM,5,11/30/2022,12:04 AM,0,12:04 AM,0,12:04 AM,0
Recreation Pool,0,06:06 PM,0,06:06 PM,0,11/29/2022,06:06 PM,0,06:06 PM,0,06:06 PM,0
Competition Pool,0,07:04 PM,0,07:04 PM,0,11/29/2022,07:04 PM,0,07:04 PM,0,07:04 PM,0
Arc Express,13,09:29 PM,13,09:29 PM,13,11/29/2022,09:29 PM,13,09:29 PM,13,09:29 PM,13
Spa,0,01:03 PM,0,01:03 PM,0,11/28/2022,01:03 PM,0,01:03 PM,0,01:03 PM,0
Aquaplex Pool Deck,3,07:04 PM,3,07:04 PM,3,11/29/2022,07:04 PM,3,07:04 PM,3,07:04 PM,3
Tennis Courts,0,06:06 PM,0,06:06 PM,0,11/29/2022,06:06 PM,0,06:06 PM,0,06:06 PM,0
Arc Floor One,11/30/2022,08:23 AM,60,08:23 AM,60,08:23 AM,60,08:23 AM,60,11/30/2022,08:23 AM,60
Climbing,11/29/2022,09:16 PM,0,09:16 PM,0,09:16 PM,0,09:16 PM,0,11/29/2022,09:16 PM,0
Arc Olympic Lifting Zones,11/30/2022,08:23 AM,40,08:23 AM,40,08:23 AM,40,08:23 AM,40,11/30/2022,08:23 AM,40
Arc Floor Two,11/30/2022,08:23 AM,62,08:23 AM,62,08:23 AM,62,08:23 AM,62,11/30/2022,08:23 AM,62
South Court,11/30/2022,12:04 AM,0,12:04 AM,0,12:04 AM,0,12:04 AM,0,11/30/2022,12:04 AM,0
Four Court Gym,11/30/2022,08:23 AM,8,08:23 AM,8,08:23 AM,8,08:23 AM,8,11/30/2022,08:23 AM,8
North Court,11/30/2022,12:04 AM,0,12:04 AM,0,12:04 AM,0,12:04 AM,0,11/30/2022,12:04 AM,0
Recreation Pool,11/29/2022,06:06 PM,0,06:06 PM,0,06:06 PM,0,06:06 PM,0,11/30/2022,10:08 AM,0
Competition Pool,11/29/2022,07:04 PM,0,07:04 PM,0,07:04 PM,0,07:04 PM,0,11/30/2022,10:08 AM,20
Arc Express,11/30/2022,08:30 AM,4,09:00 AM,9,09:27 AM,12,09:57 AM,17,11/30/2022,09:57 AM,17
Spa,11/28/2022,01:03 PM,0,01:03 PM,0,01:03 PM,0,01:03 PM,0,11/28/2022,01:03 PM,0
Aquaplex Pool Deck,11/29/2022,07:04 PM,3,07:04 PM,3,07:04 PM,3,07:04 PM,3,11/30/2022,10:08 AM,4
Tennis Courts,11/29/2022,06:06 PM,0,06:06 PM,0,06:06 PM,0,06:06 PM,0,11/30/2022,10:08 AM,0
Arc Floor One,08:23 AM,60,08:23 AM,60,11:04 AM,91,11:04 AM,91,11:04 AM,91,11:04 AM,91
Climbing,09:16 PM,0,09:16 PM,0,09:16 PM,0,09:16 PM,0,09:16 PM,0,09:16 PM,0
Arc Olympic Lifting Zones,08:23 AM,40,08:23 AM,40,11:04 AM,48,11:04 AM,48,11:21 AM,49,11:21 AM,49
Arc Floor Two,08:23 AM,62,08:23 AM,62,11:04 AM,73,11:04 AM,73,11:21 AM,73,11:21 AM,73
South Court,12:04 AM,0,12:04 AM,0,12:04 AM,0,12:04 AM,0,12:04 AM,0,12:04 AM,0
Four Court Gym,08:23 AM,8,08:23 AM,8,11:04 AM,12,11:04 AM,12,11:21 AM,6,11:21 AM,6
North Court,12:04 AM,0,12:04 AM,0,11:04 AM,2,11:04 AM,2,11:21 AM,0,11:21 AM,0
Recreation Pool,10:08 AM,0,10:08 AM,0,10:08 AM,0,10:08 AM,0,10:08 AM,0,12:11 PM,1
Competition Pool,10:08 AM,20,10:08 AM,20,10:08 AM,20,11:14 AM,3,11:14 AM,3,12:11 PM,18
Arc Express,10:29 AM,22,11:00 AM,18,11:00 AM,18,11:00 AM,18,11:28 AM,24,11:28 AM,24
Spa,01:03 PM,0,01:03 PM,0,01:03 PM,0,01:03 PM,0,01:03 PM,0,01:03 PM,0
Aquaplex Pool Deck,10:08 AM,4,10:08 AM,4,10:08 AM,4,11:14 AM,2,11:14 AM,2,11:14 AM,2
Tennis Courts,10:08 AM,0,10:08 AM,0,10:08 AM,0,10:08 AM,0,10:08 AM,0,10:08 AM,0
Arc Floor One,12:11 PM,108,01:13 PM,80,01:13 PM,80,11/30/2022,03:09 PM,114,03:09 PM,114,11/30/2022
Climbing,09:16 PM,0,09:16 PM,0,09:16 PM,0,11/30/2022,03:09 PM,23,03:09 PM,23,11/30/2022
Arc Olympic Lifting Zones,12:11 PM,54,01:13 PM,37,01:13 PM,37,11/30/2022,03:09 PM,43,03:09 PM,43,11/30/2022
Arc Floor Two,12:11 PM,82,01:13 PM,39,01:13 PM,39,11/30/2022,03:10 PM,65,03:10 PM,65,11/30/2022
South Court,12:11 PM,0,12:11 PM,0,12:11 PM,0,11/30/2022,03:08 PM,0,03:08 PM,0,11/30/2022
Four Court Gym,12:11 PM,18,01:13 PM,5,01:13 PM,5,11/30/2022,03:10 PM,25,03:10 PM,25,11/30/2022
North Court,12:11 PM,2,12:11 PM,2,12:11 PM,2,11/30/2022,03:10 PM,0,03:10 PM,0,11/30/2022
Recreation Pool,12:11 PM,1,01:16 PM,3,01:16 PM,3,11/30/2022,01:16 PM,3,03:26 PM,2,11/28/2022
Competition Pool,12:11 PM,18,01:16 PM,9,02:28 PM,12,11/30/2022,02:28 PM,12,02:28 PM,12,11/28/2022
Arc Express,11:28 AM,24,11:28 AM,24,02:29 PM,16,11/30/2022,02:29 PM,16,02:29 PM,16,11/30/2022
Spa,01:03 PM,0,01:03 PM,0,01:03 PM,0,11/28/2022,01:03 PM,0,01:03 PM,0,11/28/2022
Aquaplex Pool Deck,11:14 AM,2,11:14 AM,2,11:14 AM,2,11/30/2022,11:14 AM,2,03:26 PM,0,11/28/2022
Tennis Courts,10:08 AM,0,10:08 AM,0,10:08 AM,0,11/30/2022,10:08 AM,0,10:08 AM,0,11/30/2022
Arc Floor One,03:09 PM,114,03:09 PM,114,11/30/2022,03:09 PM,114,05:32 PM,155,05:32 PM,155,05:32 PM
Climbing,03:09 PM,23,03:09 PM,23,11/30/2022,03:09 PM,23,05:32 PM,27,05:32 PM,27,05:32 PM
Arc Olympic Lifting Zones,03:09 PM,43,03:09 PM,43,11/30/2022,03:09 PM,43,05:32 PM,56,05:32 PM,56,05:32 PM
Arc Floor Two,03:10 PM,65,03:10 PM,65,11/30/2022,03:10 PM,65,05:32 PM,107,05:32 PM,107,05:32 PM
South Court,03:08 PM,0,03:08 PM,0,11/30/2022,03:08 PM,0,05:32 PM,0,05:32 PM,0,05:32 PM
Four Court Gym,03:10 PM,25,03:10 PM,25,11/30/2022,03:10 PM,25,05:32 PM,20,05:32 PM,20,05:32 PM
North Court,03:10 PM,0,03:10 PM,0,11/30/2022,03:10 PM,0,05:32 PM,2,05:32 PM,2,05:32 PM
Recreation Pool,04:01 PM,1,04:01 PM,1,11/30/2022,04:37 PM,5,04:37 PM,5,05:35 PM,2,06:56 PM
Competition Pool,04:01 PM,2,04:01 PM,2,11/30/2022,04:37 PM,2,04:37 PM,2,05:35 PM,0,05:35 PM
Arc Express,02:29 PM,16,04:28 PM,37,11/30/2022,04:28 PM,37,05:32 PM,29,05:32 PM,29,06:58 PM
Spa,01:03 PM,0,01:03 PM,0,11/28/2022,01:03 PM,0,01:03 PM,0,01:03 PM,0,01:03 PM
Aquaplex Pool Deck,04:01 PM,1,04:01 PM,1,11/28/2022,04:01 PM,1,04:01 PM,1,05:35 PM,3,06:56 PM
Tennis Courts,10:08 AM,0,10:08 AM,0,11/30/2022,10:08 AM,0,10:08 AM,0,10:08 AM,0,10:08 AM
Arc Floor One,155,07:20 PM,135,07:20 PM,135,07:20 PM,135,08:12 PM,143,08:12 PM,143,08:12 PM
Climbing,27,07:20 PM,20,07:20 PM,20,07:20 PM,20,08:12 PM,19,08:12 PM,19,08:12 PM
Arc Olympic Lifting Zones,56,07:20 PM,72,07:20 PM,72,07:20 PM,72,08:12 PM,61,08:12 PM,61,08:12 PM
Arc Floor Two,107,07:21 PM,94,07:21 PM,94,07:21 PM,94,08:12 PM,97,08:12 PM,97,08:12 PM
South Court,0,07:21 PM,4,07:21 PM,4,07:21 PM,4,08:12 PM,0,08:12 PM,0,08:12 PM
Four Court Gym,20,07:21 PM,65,07:21 PM,65,07:21 PM,65,08:12 PM,38,08:12 PM,38,08:12 PM
North Court,2,07:21 PM,4,07:21 PM,4,07:21 PM,4,08:12 PM,6,08:12 PM,6,08:12 PM
Recreation Pool,2,06:56 PM,2,06:56 PM,2,08:01 PM,0,08:01 PM,0,08:01 PM,0,08:01 PM
Competition Pool,0,05:35 PM,0,05:35 PM,0,05:35 PM,0,05:35 PM,0,05:35 PM,0,05:35 PM
Arc Express,33,06:58 PM,33,07:30 PM,20,08:01 PM,21,08:01 PM,21,08:34 PM,22,08:59 PM
Spa,0,01:03 PM,0,01:03 PM,0,01:03 PM,0,01:03 PM,0,01:03 PM,0,01:03 PM
Aquaplex Pool Deck,0,06:56 PM,0,06:56 PM,0,06:56 PM,0,06:56 PM,0,06:56 PM,0,06:56 PM
Tennis Courts,0,10:08 AM,0,10:08 AM,0,10:08 AM,0,10:08 AM,0,10:08 AM,0,10:08 AM
Arc Floor One,143,09:16 PM,94,09:16 PM,94,09:16 PM,Open,94,10:11 PM,92,11:13 PM,58
Climbing,19,09:16 PM,0,09:16 PM,0,09:16 PM,Closed,0,09:16 PM,0,09:16 PM,0
Arc Olympic Lifting Zones,61,09:16 PM,57,09:16 PM,57,09:16 PM,Open,57,10:11 PM,34,11:13 PM,30
Arc Floor Two,97,09:16 PM,77,09:16 PM,77,09:16 PM,Open,77,10:11 PM,57,11:13 PM,49
South Court,0,09:16 PM,15,09:16 PM,15,09:16 PM,Open,15,10:11 PM,12,11:13 PM,8
Four Court Gym,38,09:16 PM,45,09:16 PM,45,09:16 PM,Open,45,10:11 PM,26,11:13 PM,25
North Court,6,09:16 PM,22,09:16 PM,22,09:16 PM,Open,22,10:11 PM,26,11:13 PM,20
Recreation Pool,0,08:01 PM,0,08:01 PM,0,08:01 PM,Open,0,08:01 PM,0,08:01 PM,0
Competition Pool,0,05:35 PM,0,05:35 PM,0,05:35 PM,Open,0,05:35 PM,0,05:35 PM,0
Arc Express,17,08:59 PM,17,09:30 PM,13,09:49 PM,Closed,0,09:49 PM,0,09:49 PM,0
Spa,0,01:03 PM,0,01:03 PM,0,01:03 PM,Closed,0,01:03 PM,0,01:03 PM,0
Aquaplex Pool Deck,0,06:56 PM,0,06:56 PM,0,06:56 PM,Open,0,06:56 PM,0,06:56 PM,0
Tennis Courts,0,10:08 AM,0,10:08 AM,0,10:08 AM,Closed,0,10:08 AM,0,10:08 AM,0
Arc Floor One,12/01/2022,12:06 AM,27,06:27 AM,31,07:10 AM,38,08:18 AM,57,12/01/2022,08:18 AM,57
Climbing,11/30/2022,09:16 PM,0,09:16 PM,0,09:16 PM,0,09:16 PM,0,11/30/2022,09:16 PM,0
Arc Olympic Lifting Zones,12/01/2022,12:06 AM,9,06:27 AM,20,07:10 AM,23,08:18 AM,30,12/01/2022,08:18 AM,30
Arc Floor Two,12/01/2022,12:06 AM,6,06:27 AM,15,07:10 AM,22,08:18 AM,25,12/01/2022,08:18 AM,25
South Court,12/01/2022,12:06 AM,0,06:27 AM,0,06:27 AM,0,06:27 AM,0,12/01/2022,06:27 AM,0
Four Court Gym,12/01/2022,12:06 AM,8,06:27 AM,0,06:27 AM,0,08:18 AM,1,12/01/2022,08:18 AM,1
North Court,12/01/2022,12:06 AM,0,06:27 AM,0,06:27 AM,0,06:27 AM,0,12/01/2022,06:27 AM,0
Recreation Pool,11/30/2022,08:01 PM,0,08:01 PM,0,08:01 PM,0,08:01 PM,0,11/30/2022,08:01 PM,0
Competition Pool,11/30/2022,05:35 PM,0,05:35 PM,0,05:35 PM,0,05:35 PM,0,11/30/2022,05:35 PM,0
Arc Express,11/30/2022,09:49 PM,0,09:49 PM,0,09:49 PM,0,09:49 PM,0,12/01/2022,09:02 AM,11
Spa,11/28/2022,01:03 PM,0,01:03 PM,0,01:03 PM,0,01:03 PM,0,11/28/2022,01:03 PM,0
Aquaplex Pool Deck,11/30/2022,06:56 PM,0,06:56 PM,0,06:56 PM,0,06:56 PM,0,11/30/2022,06:56 PM,0
Tennis Courts,11/30/2022,10:08 AM,0,10:08 AM,0,10:08 AM,0,10:08 AM,0,11/30/2022,10:08 AM,0
Arc Floor One,09:18 AM,73,09:18 AM,73,09:18 AM,73,10:14 AM,76,12/01/2022,10:14 AM,76,10/09/2022
Climbing,09:16 PM,0,09:16 PM,0,09:16 PM,0,09:16 PM,0,11/30/2022,09:16 PM,0,10/08/2022
Arc Olympic Lifting Zones,09:18 AM,34,09:18 AM,34,09:18 AM,34,10:14 AM,34,12/01/2022,10:14 AM,34,10/09/2022
Arc Floor Two,09:18 AM,29,09:18 AM,29,09:18 AM,29,10:14 AM,30,12/01/2022,10:14 AM,30,10/09/2022
South Court,09:18 AM,2,09:18 AM,2,09:18 AM,2,09:18 AM,2,12/01/2022,09:18 AM,2,10/09/2022
Four Court Gym,09:18 AM,3,09:18 AM,3,09:18 AM,3,09:18 AM,3,12/01/2022,09:18 AM,3,10/09/2022
North Court,06:27 AM,0,06:27 AM,0,06:27 AM,0,06:27 AM,0,12/01/2022,06:27 AM,0,10/09/2022
Recreation Pool,08:01 PM,0,08:01 PM,0,08:01 PM,0,08:01 PM,0,12/01/2022,10:21 AM,3,12/01/2022
Competition Pool,05:35 PM,0,05:35 PM,0,05:35 PM,0,05:35 PM,0,12/01/2022,10:21 AM,15,12/01/2022
Arc Express,09:02 AM,11,09:35 AM,19,10:02 AM,12,10:02 AM,12,12/01/2022,10:02 AM,12,12/01/2022
Spa,01:03 PM,0,01:03 PM,0,01:03 PM,0,01:03 PM,0,11/28/2022,01:03 PM,0,11/28/2022
Aquaplex Pool Deck,06:56 PM,0,06:56 PM,0,06:56 PM,0,06:56 PM,0,12/01/2022,10:21 AM,5,12/01/2022
Tennis Courts,10:08 AM,0,10:08 AM,0,10:08 AM,0,10:08 AM,0,11/30/2022,10:08 AM,0,11/30/2022
Arc Floor One,07:13 PM,101,12/01/2022,10:43 AM,105,10/08/2022,06:05 PM,54,06:05 PM,54,12/01/2022,11:10 AM
Climbing,06:05 PM,8,12/01/2022,10:43 AM,0,10/08/2022,06:05 PM,8,06:05 PM,8,10/08/2022,06:05 PM
Arc Olympic Lifting Zones,07:13 PM,33,12/01/2022,10:43 AM,41,10/08/2022,06:05 PM,33,06:05 PM,33,12/01/2022,11:10 AM
Arc Floor Two,07:13 PM,60,12/01/2022,10:43 AM,81,10/08/2022,06:05 PM,27,06:05 PM,27,12/01/2022,11:10 AM
South Court,07:13 PM,5,12/01/2022,10:43 AM,0,10/08/2022,06:05 PM,0,06:05 PM,0,12/01/2022,11:10 AM
Four Court Gym,07:13 PM,32,12/01/2022,10:43 AM,18,10/08/2022,06:05 PM,12,06:05 PM,12,12/01/2022,11:10 AM
North Court,07:13 PM,8,12/01/2022,10:43 AM,0,10/08/2022,06:05 PM,4,06:05 PM,4,12/01/2022,11:10 AM
Recreation Pool,10:21 AM,3,12/01/2022,10:21 AM,3,12/01/2022,10:21 AM,3,10:21 AM,3,12/01/2022,10:21 AM
Competition Pool,10:21 AM,15,12/01/2022,10:21 AM,15,12/01/2022,10:21 AM,15,10:21 AM,15,12/01/2022,10:21 AM
Arc Express,10:02 AM,12,12/01/2022,10:02 AM,12,12/01/2022,10:02 AM,12,10:56 AM,20,12/01/2022,10:56 AM
Spa,01:03 PM,0,11/28/2022,01:03 PM,0,11/28/2022,01:03 PM,0,01:03 PM,0,11/28/2022,01:03 PM
Aquaplex Pool Deck,10:21 AM,5,12/01/2022,10:21 AM,5,12/01/2022,10:21 AM,5,10:21 AM,5,12/01/2022,10:21 AM
Tennis Courts,10:08 AM,0,11/30/2022,10:08 AM,0,11/30/2022,10:08 AM,0,10:08 AM,0,11/30/2022,10:08 AM
Arc Floor One,88,11:10 AM,88,11:10 AM,88,11:10 AM,88,12:15 PM,91,12:15 PM,91,12:15 PM
Climbing,8,06:05 PM,8,06:05 PM,8,06:05 PM,8,06:05 PM,8,06:05 PM,8,06:05 PM
Arc Olympic Lifting Zones,44,11:10 AM,44,11:10 AM,44,11:10 AM,44,12:15 PM,63,12:15 PM,63,12:15 PM
Arc Floor Two,78,11:10 AM,78,11:10 AM,78,11:10 AM,78,12:15 PM,78,12:15 PM,78,12:15 PM
South Court,0,11:10 AM,0,11:10 AM,0,11:10 AM,0,12:15 PM,0,12:15 PM,0,12:15 PM
Four Court Gym,9,11:10 AM,9,11:10 AM,9,11:10 AM,9,12:15 PM,6,12:15 PM,6,12:15 PM
North Court,0,11:10 AM,0,11:10 AM,0,11:10 AM,0,12:15 PM,0,12:15 PM,0,12:15 PM
Recreation Pool,3,10:21 AM,3,11:44 AM,1,11:44 AM,1,12:10 PM,6,12:10 PM,6,01:02 PM
Competition Pool,15,10:21 AM,15,11:44 AM,6,11:44 AM,6,12:10 PM,9,12:10 PM,9,01:02 PM
Arc Express,20,11:34 AM,21,11:34 AM,21,12:01 PM,15,12:01 PM,15,12:30 PM,18,01:00 PM
Spa,0,01:03 PM,0,01:03 PM,0,01:03 PM,0,01:03 PM,0,01:03 PM,0,01:03 PM
Aquaplex Pool Deck,5,10:21 AM,5,11:44 AM,5,11:44 AM,5,12:10 PM,3,12:10 PM,3,01:02 PM
Tennis Courts,0,10:08 AM,0,10:08 AM,0,10:08 AM,0,10:08 AM,0,10:08 AM,0,10:08 AM
Arc Floor One,91,12:15 PM,91,12:15 PM,91,02:09 PM,100,02:09 PM,100,03:11 PM,115,03:11 PM
Climbing,8,06:05 PM,8,06:05 PM,8,06:05 PM,8,06:05 PM,8,03:11 PM,14,03:11 PM
Arc Olympic Lifting Zones,63,12:15 PM,63,12:15 PM,63,02:09 PM,59,02:09 PM,59,03:11 PM,62,03:11 PM
Arc Floor Two,78,12:15 PM,78,12:15 PM,78,02:09 PM,74,02:09 PM,74,03:11 PM,80,03:11 PM
South Court,0,12:15 PM,0,12:15 PM,0,02:09 PM,3,02:09 PM,3,03:11 PM,0,03:11 PM
Four Court Gym,6,12:15 PM,6,12:15 PM,6,02:09 PM,18,02:09 PM,18,03:11 PM,13,03:11 PM
North Court,0,12:15 PM,0,12:15 PM,0,12:15 PM,0,12:15 PM,0,03:11 PM,0,03:11 PM
Recreation Pool,2,01:02 PM,2,02:03 PM,3,02:03 PM,3,03:07 PM,2,03:07 PM,2,03:07 PM
Competition Pool,1,01:02 PM,1,02:03 PM,0,02:03 PM,0,03:07 PM,0,03:07 PM,0,03:07 PM
Arc Express,15,01:35 PM,14,02:06 PM,16,02:06 PM,16,03:00 PM,18,03:00 PM,18,03:30 PM
Spa,0,01:03 PM,0,01:03 PM,0,01:03 PM,0,01:03 PM,0,01:03 PM,0,01:03 PM
Aquaplex Pool Deck,1,01:02 PM,1,02:03 PM,0,02:03 PM,0,03:07 PM,0,03:07 PM,0,03:07 PM
Tennis Courts,0,10:08 AM,0,10:08 AM,0,10:08 AM,0,10:08 AM,0,10:08 AM,0,10:08 AM
Arc Floor One,115,03:11 PM,115,04:09 PM,95,04:09 PM,95,04:09 PM,95,05:02 PM,141,05:02 PM
Climbing,14,03:11 PM,14,04:09 PM,20,04:09 PM,20,04:09 PM,20,05:02 PM,9,05:02 PM
Arc Olympic Lifting Zones,62,03:11 PM,62,04:09 PM,73,04:09 PM,73,04:09 PM,73,05:02 PM,68,05:02 PM
Arc Floor Two,80,03:11 PM,80,04:09 PM,88,04:09 PM,88,04:09 PM,88,05:02 PM,103,05:02 PM
South Court,0,03:11 PM,0,04:09 PM,6,04:09 PM,6,04:09 PM,6,05:02 PM,8,05:02 PM
Four Court Gym,13,03:11 PM,13,04:09 PM,14,04:09 PM,14,04:09 PM,14,05:02 PM,12,05:02 PM
North Court,0,03:11 PM,0,03:11 PM,0,03:11 PM,0,03:11 PM,0,05:02 PM,0,05:02 PM
Recreation Pool,2,03:07 PM,2,03:07 PM,2,04:26 PM,2,04:26 PM,2,04:26 PM,2,04:26 PM
Competition Pool,0,03:07 PM,0,03:07 PM,0,04:26 PM,4,04:26 PM,4,04:26 PM,4,04:26 PM
Arc Express,17,04:00 PM,26,04:00 PM,26,04:00 PM,26,04:31 PM,17,04:31 PM,17,05:39 PM
Spa,0,01:03 PM,0,01:03 PM,0,01:03 PM,0,01:03 PM,0,01:03 PM,0,01:03 PM
Aquaplex Pool Deck,0,03:07 PM,0,03:07 PM,0,04:26 PM,1,04:26 PM,1,04:26 PM,1,04:26 PM
Tennis Courts,0,10:08 AM,0,10:08 AM,0,10:08 AM,0,10:08 AM,0,10:08 AM,0,10:08 AM
Arc Floor One,141,05:02 PM,141,05:02 PM,141,06:29 PM,121,06:29 PM,121,07:14 PM,114,07:14 PM
Climbing,9,05:02 PM,9,05:02 PM,9,06:29 PM,8,06:29 PM,8,06:29 PM,8,06:29 PM
Arc Olympic Lifting Zones,68,05:02 PM,68,05:02 PM,68,06:29 PM,47,06:29 PM,47,07:14 PM,53,07:14 PM
Arc Floor Two,103,05:02 PM,103,05:02 PM,103,06:29 PM,103,06:29 PM,103,07:14 PM,73,07:14 PM
South Court,8,05:02 PM,8,05:02 PM,8,06:29 PM,10,06:29 PM,10,06:29 PM,10,06:29 PM
Four Court Gym,12,05:02 PM,12,05:02 PM,12,06:29 PM,18,06:29 PM,18,07:14 PM,27,07:14 PM
North Court,0,05:02 PM,0,05:02 PM,0,06:29 PM,6,06:29 PM,6,06:29 PM,6,06:29 PM
Recreation Pool,2,05:55 PM,1,05:55 PM,1,05:55 PM,1,07:04 PM,0,07:04 PM,0,07:04 PM
Competition Pool,4,05:55 PM,8,05:55 PM,8,05:55 PM,8,07:04 PM,7,07:04 PM,7,07:04 PM
Arc Express,19,05:39 PM,19,06:02 PM,23,06:02 PM,23,06:02 PM,23,06:02 PM,23,07:33 PM
Spa,0,01:03 PM,0,01:03 PM,0,01:03 PM,0,01:03 PM,0,01:03 PM,0,01:03 PM
Aquaplex Pool Deck,1,04:26 PM,1,04:26 PM,1,04:26 PM,1,04:26 PM,1,04:26 PM,1,04:26 PM
Tennis Courts,0,10:08 AM,0,10:08 AM,0,10:08 AM,0,10:08 AM,0,10:08 AM,0,10:08 AM
Arc Floor One,114,08:02 PM,127,08:02 PM,127,08:02 PM,127,09:06 PM,123,09:06 PM,123,09:06 PM
Climbing,8,08:02 PM,13,08:02 PM,13,08:02 PM,13,09:06 PM,6,09:06 PM,6,09:06 PM
Arc Olympic Lifting Zones,53,08:02 PM,32,08:02 PM,32,08:02 PM,32,09:06 PM,42,09:06 PM,42,09:06 PM
Arc Floor Two,73,08:02 PM,65,08:02 PM,65,08:02 PM,65,09:06 PM,55,09:06 PM,55,09:06 PM
South Court,10,08:02 PM,19,08:02 PM,19,08:02 PM,19,09:06 PM,16,09:06 PM,16,09:06 PM
Four Court Gym,27,08:02 PM,41,08:02 PM,41,08:02 PM,41,09:06 PM,39,09:06 PM,39,09:06 PM
North Court,6,08:02 PM,7,08:02 PM,7,08:02 PM,7,09:06 PM,19,09:06 PM,19,09:06 PM
Recreation Pool,0,07:04 PM,0,07:04 PM,0,07:04 PM,0,07:04 PM,0,07:04 PM,0,07:04 PM
Competition Pool,7,07:04 PM,7,07:04 PM,7,08:58 PM,2,08:58 PM,2,08:58 PM,2,08:58 PM
Arc Express,18,08:02 PM,18,08:33 PM,17,08:33 PM,17,08:33 PM,17,09:14 PM,9,09:36 PM
Spa,0,01:03 PM,0,01:03 PM,0,01:03 PM,0,01:03 PM,0,01:03 PM,0,01:03 PM
Aquaplex Pool Deck,1,04:26 PM,1,04:26 PM,1,08:58 PM,0,08:58 PM,0,08:58 PM,0,08:58 PM
Tennis Courts,0,10:08 AM,0,10:08 AM,0,10:08 AM,0,10:08 AM,0,10:08 AM,0,10:08 AM
Arc Floor One,123,10:00 PM,111,12/02/2022,06:11 AM,32,12/02/2022,07:04 AM,27,08:04 AM,32,12/02/2022
Climbing,6,10:00 PM,0,12/01/2022,10:00 PM,0,12/01/2022,10:00 PM,0,10:00 PM,0,12/01/2022
Arc Olympic Lifting Zones,42,10:00 PM,43,12/02/2022,06:11 AM,10,12/02/2022,07:04 AM,23,08:04 AM,22,12/02/2022
Arc Floor Two,55,10:00 PM,59,12/02/2022,06:11 AM,10,12/02/2022,07:04 AM,30,08:04 AM,25,12/02/2022
South Court,16,10:00 PM,15,12/01/2022,10:00 PM,15,12/02/2022,07:04 AM,0,07:04 AM,0,12/02/2022
Four Court Gym,39,10:00 PM,28,12/01/2022,10:00 PM,28,12/02/2022,07:04 AM,0,07:04 AM,0,12/02/2022
North Court,19,10:00 PM,9,12/01/2022,10:00 PM,9,12/02/2022,07:04 AM,0,07:04 AM,0,12/02/2022
Recreation Pool,0,07:04 PM,0,12/01/2022,07:04 PM,0,12/01/2022,07:04 PM,0,07:04 PM,0,12/01/2022
Competition Pool,2,08:58 PM,2,12/01/2022,08:58 PM,2,12/01/2022,08:58 PM,2,08:58 PM,2,12/01/2022
Arc Express,5,09:36 PM,5,12/01/2022,09:36 PM,5,12/01/2022,09:36 PM,5,09:36 PM,5,12/02/2022
Spa,0,01:03 PM,0,11/28/2022,01:03 PM,0,11/28/2022,01:03 PM,0,01:03 PM,0,11/28/2022
Aquaplex Pool Deck,0,08:58 PM,0,12/01/2022,08:58 PM,0,12/01/2022,08:58 PM,0,08:58 PM,0,12/01/2022
Tennis Courts,0,10:08 AM,0,11/30/2022,10:08 AM,0,11/30/2022,10:08 AM,0,10:08 AM,0,11/30/2022
Arc Floor One,08:04 AM,32,09:04 AM,43,09:04 AM,43,10:05 AM,68,10:05 AM,68,11:03 AM,71
Climbing,10:00 PM,0,10:00 PM,0,10:00 PM,0,10:00 PM,0,10:00 PM,0,10:00 PM,0
Arc Olympic Lifting Zones,08:04 AM,22,09:04 AM,18,09:04 AM,18,10:05 AM,23,10:05 AM,23,11:03 AM,32
Arc Floor Two,08:04 AM,25,09:04 AM,52,09:04 AM,52,10:05 AM,51,10:05 AM,51,11:03 AM,56
South Court,07:04 AM,0,09:04 AM,0,09:04 AM,0,09:04 AM,0,09:04 AM,0,11:03 AM,0
Four Court Gym,07:04 AM,0,09:04 AM,17,09:04 AM,17,10:05 AM,16,10:05 AM,16,11:03 AM,3
North Court,07:04 AM,0,09:04 AM,0,09:04 AM,0,09:04 AM,0,09:04 AM,0,11:03 AM,0
Recreation Pool,07:04 PM,0,07:04 PM,0,07:04 PM,0,07:04 PM,0,07:04 PM,0,07:04 PM,0
Competition Pool,08:58 PM,2,08:58 PM,2,08:58 PM,2,08:58 PM,2,08:58 PM,2,08:58 PM,2
Arc Express,08:31 AM,3,09:04 AM,8,09:32 AM,14,09:59 AM,13,10:31 AM,15,11:01 AM,20
Spa,01:03 PM,0,01:03 PM,0,01:03 PM,0,01:03 PM,0,01:03 PM,0,01:03 PM,0
Aquaplex Pool Deck,08:58 PM,0,08:58 PM,0,08:58 PM,0,08:58 PM,0,08:58 PM,0,08:58 PM,0
Tennis Courts,10:08 AM,0,10:08 AM,0,10:08 AM,0,10:08 AM,0,10:08 AM,0,10:08 AM,0
Arc Floor One,11:03 AM,71,12:05 PM,100,12/02/2022,12:05 PM,100,12:05 PM,100,12:05 PM,100,01:15 PM
Climbing,10:00 PM,0,10:00 PM,0,12/01/2022,10:00 PM,0,10:00 PM,0,10:00 PM,0,10:00 PM
Arc Olympic Lifting Zones,11:03 AM,32,12:05 PM,38,12/02/2022,12:05 PM,38,12:05 PM,38,12:05 PM,38,01:15 PM
Arc Floor Two,11:03 AM,56,12:05 PM,68,12/02/2022,12:05 PM,68,12:05 PM,68,12:05 PM,68,01:15 PM
South Court,11:03 AM,0,12:05 PM,6,12/02/2022,12:05 PM,6,12:05 PM,6,12:05 PM,6,01:15 PM
Four Court Gym,11:03 AM,3,12:05 PM,9,12/02/2022,12:05 PM,9,12:05 PM,9,12:05 PM,9,01:15 PM
North Court,11:03 AM,0,12:05 PM,0,12/02/2022,12:05 PM,0,12:05 PM,0,12:05 PM,0,01:15 PM
Recreation Pool,07:04 PM,0,07:04 PM,0,12/02/2022,12:18 PM,1,12:18 PM,1,12:18 PM,1,12:18 PM
Competition Pool,08:58 PM,2,08:58 PM,2,12/02/2022,12:18 PM,7,12:18 PM,7,12:18 PM,7,12:18 PM
Arc Express,11:31 AM,25,11:31 AM,25,12/02/2022,11:31 AM,25,12:31 PM,23,01:05 PM,21,01:05 PM
Spa,01:03 PM,0,01:03 PM,0,11/28/2022,01:03 PM,0,01:03 PM,0,01:03 PM,0,01:03 PM
Aquaplex Pool Deck,08:58 PM,0,08:58 PM,0,12/01/2022,08:58 PM,0,08:58 PM,0,08:58 PM,0,08:58 PM
Tennis Courts,10:08 AM,0,10:08 AM,0,11/30/2022,10:08 AM,0,10:08 AM,0,10:08 AM,0,10:08 AM
Arc Floor One,112,12/02/2022,01:15 PM,112,02:07 PM,122,02:07 PM,122,02:07 PM,02:07 PM,122,12/02/2022
Climbing,0,12/01/2022,10:00 PM,0,10:00 PM,0,10:00 PM,0,10:00 PM,10:00 PM,0,12/02/2022
Arc Olympic Lifting Zones,38,12/02/2022,01:15 PM,38,02:07 PM,43,02:07 PM,43,02:07 PM,02:07 PM,43,12/02/2022
Arc Floor Two,72,12/02/2022,01:15 PM,72,02:07 PM,66,02:07 PM,66,02:07 PM,02:07 PM,66,12/02/2022
South Court,0,12/02/2022,01:15 PM,0,01:15 PM,0,01:15 PM,0,01:15 PM,01:15 PM,0,12/02/2022
Four Court Gym,9,12/02/2022,01:15 PM,9,02:07 PM,23,02:07 PM,23,02:07 PM,02:07 PM,23,12/02/2022
North Court,0,12/02/2022,01:15 PM,0,02:07 PM,2,02:07 PM,2,02:07 PM,02:07 PM,2,12/02/2022
Recreation Pool,1,12/02/2022,01:27 PM,4,01:27 PM,4,02:27 PM,9,02:27 PM,02:27 PM,9,12/02/2022
Competition Pool,7,12/02/2022,01:27 PM,36,01:27 PM,36,02:27 PM,30,02:27 PM,02:27 PM,30,12/02/2022
Arc Express,21,12/02/2022,01:05 PM,21,01:05 PM,21,01:05 PM,21,02:36 PM,03:03 PM,14,12/02/2022
Spa,0,11/28/2022,01:03 PM,0,01:03 PM,0,01:03 PM,0,01:03 PM,01:03 PM,0,11/28/2022
Aquaplex Pool Deck,0,12/02/2022,01:27 PM,2,01:27 PM,2,01:27 PM,2,01:27 PM,01:27 PM,2,12/02/2022
Tennis Courts,0,11/30/2022,10:08 AM,0,10:08 AM,0,10:08 AM,0,10:08 AM,10:08 AM,0,11/30/2022
Arc Floor One,03:15 PM,155,03:15 PM,155,03:15 PM,155,03:15 PM,155,03:15 PM,155,04:58 PM,161
Climbing,03:15 PM,15,03:15 PM,15,03:15 PM,15,03:15 PM,15,03:15 PM,15,04:58 PM,17
Arc Olympic Lifting Zones,03:15 PM,72,03:15 PM,72,03:15 PM,72,03:15 PM,72,03:15 PM,72,04:58 PM,72
Arc Floor Two,03:15 PM,83,03:15 PM,83,03:15 PM,83,03:15 PM,83,03:15 PM,83,04:58 PM,86
South Court,03:15 PM,0,03:15 PM,0,03:15 PM,0,03:15 PM,0,03:15 PM,0,04:58 PM,1
Four Court Gym,03:15 PM,30,03:15 PM,30,03:15 PM,30,03:15 PM,30,03:15 PM,30,04:58 PM,14
North Court,03:15 PM,1,03:15 PM,1,03:15 PM,1,03:15 PM,1,03:15 PM,1,04:58 PM,0
Recreation Pool,02:27 PM,9,03:22 PM,5,03:22 PM,5,03:22 PM,5,03:22 PM,5,03:22 PM,5
Competition Pool,02:27 PM,30,03:22 PM,1,03:22 PM,1,03:22 PM,1,03:22 PM,1,03:22 PM,1
Arc Express,03:03 PM,14,03:03 PM,14,03:33 PM,20,04:01 PM,26,04:31 PM,16,04:31 PM,16
Spa,01:03 PM,0,01:03 PM,0,01:03 PM,0,01:03 PM,0,01:03 PM,0,01:03 PM,0
Aquaplex Pool Deck,01:27 PM,2,03:23 PM,2,03:23 PM,2,03:23 PM,2,03:23 PM,2,03:23 PM,2
Tennis Courts,10:08 AM,0,10:08 AM,0,10:08 AM,0,10:08 AM,0,10:08 AM,0,10:08 AM,0
Arc Floor One,04:58 PM,161,06:11 PM,Open,101,06:11 PM,101,06:11 PM,Open,101,07:43 PM,Open
Climbing,04:58 PM,17,06:11 PM,Open,5,06:11 PM,5,06:11 PM,Open,5,07:43 PM,Closed
Arc Olympic Lifting Zones,04:58 PM,72,06:11 PM,Open,35,06:11 PM,35,06:11 PM,Open,35,07:43 PM,Open
Arc Floor Two,04:58 PM,86,06:11 PM,Open,72,06:11 PM,72,06:11 PM,Open,72,07:47 PM,Open
South Court,04:58 PM,1,06:11 PM,Closed,1,06:11 PM,1,06:11 PM,Closed,1,06:11 PM,Closed
Four Court Gym,04:58 PM,14,06:11 PM,Open,28,06:11 PM,28,06:11 PM,Open,28,07:43 PM,Open
North Court,04:58 PM,0,04:58 PM,Open,0,04:58 PM,0,04:58 PM,Open,0,07:43 PM,Open
Recreation Pool,03:22 PM,5,03:22 PM,Open,5,03:22 PM,5,06:48 PM,Closed,0,06:48 PM,Closed
Competition Pool,03:22 PM,1,03:22 PM,Open,1,03:22 PM,1,06:48 PM,Closed,0,06:48 PM,Closed
Arc Express,05:35 PM,15,05:35 PM,Open,15,06:31 PM,12,06:31 PM,Open,12,06:31 PM,Open
Spa,01:03 PM,0,01:03 PM,Closed,0,01:03 PM,0,01:03 PM,Closed,0,01:03 PM,Closed
Aquaplex Pool Deck,03:23 PM,2,03:23 PM,Open,2,03:23 PM,2,06:49 PM,Closed,0,06:49 PM,Closed
Tennis Courts,10:08 AM,0,10:08 AM,Closed,0,10:08 AM,0,10:08 AM,Closed,0,10:08 AM,Closed
Arc Floor One,61,07:43 PM,61,07:43 PM,Open,61,12/03/2022,08:19 AM,Open,21,09:08 AM,Open
Climbing,0,07:43 PM,0,07:43 PM,Closed,0,12/02/2022,07:43 PM,Closed,0,07:43 PM,Closed
Arc Olympic Lifting Zones,36,07:43 PM,36,07:43 PM,Open,36,12/03/2022,08:19 AM,Open,7,09:09 AM,Open
Arc Floor Two,41,07:47 PM,41,07:47 PM,Open,41,12/03/2022,08:19 AM,Open,17,09:09 AM,Open
South Court,1,06:11 PM,1,06:11 PM,Closed,1,12/03/2022,08:19 AM,Open,0,08:19 AM,Open
Four Court Gym,31,07:43 PM,31,07:43 PM,Open,31,12/03/2022,08:19 AM,Open,0,09:09 AM,Open
North Court,3,07:43 PM,3,07:43 PM,Open,3,12/03/2022,08:19 AM,Open,0,09:09 AM,Closed
Recreation Pool,0,06:48 PM,0,06:48 PM,Closed,0,12/02/2022,06:48 PM,Closed,0,06:48 PM,Closed
Competition Pool,0,06:48 PM,0,06:48 PM,Closed,0,12/02/2022,06:48 PM,Closed,0,06:48 PM,Closed
Arc Express,12,08:04 PM,6,09:42 PM,Closed,0,12/02/2022,09:42 PM,Closed,0,09:42 PM,Closed
Spa,0,01:03 PM,0,01:03 PM,Closed,0,11/28/2022,01:03 PM,Closed,0,01:03 PM,Closed
Aquaplex Pool Deck,0,06:49 PM,0,06:49 PM,Closed,0,12/02/2022,06:49 PM,Closed,0,06:49 PM,Closed
Tennis Courts,0,10:08 AM,0,10:08 AM,Closed,0,11/30/2022,10:08 AM,Closed,0,10:08 AM,Closed
Arc Floor One,40,12/03/2022,10:08 AM,Open,47,12/03/2022,10:08 AM,Open,47,11:02 AM,60,11:02 AM
Climbing,0,12/02/2022,07:43 PM,Closed,0,12/02/2022,07:43 PM,Closed,0,07:43 PM,0,07:43 PM
Arc Olympic Lifting Zones,23,12/03/2022,10:08 AM,Open,20,12/03/2022,10:08 AM,Open,20,11:02 AM,30,11:02 AM
Arc Floor Two,30,12/03/2022,10:08 AM,Open,42,12/03/2022,10:08 AM,Open,42,11:02 AM,57,11:02 AM
South Court,0,12/03/2022,10:08 AM,Open,0,12/03/2022,10:08 AM,Open,0,11:02 AM,7,11:02 AM
Four Court Gym,1,12/03/2022,10:08 AM,Open,14,12/03/2022,10:08 AM,Open,14,11:02 AM,13,11:02 AM
North Court,0,12/03/2022,09:09 AM,Closed,0,12/03/2022,09:09 AM,Closed,0,09:09 AM,0,09:09 AM
Recreation Pool,0,12/03/2022,10:06 AM,Open,3,12/03/2022,10:06 AM,Open,3,10:06 AM,3,11:22 AM
Competition Pool,0,12/03/2022,10:06 AM,Open,2,12/03/2022,10:06 AM,Open,2,10:06 AM,2,11:22 AM
Arc Express,0,12/02/2022,09:42 PM,Closed,0,12/03/2022,10:30 AM,Open,14,11:00 AM,14,11:00 AM
Spa,0,12/03/2022,10:06 AM,Open,0,12/03/2022,10:06 AM,Open,0,10:06 AM,0,10:06 AM
Aquaplex Pool Deck,0,12/03/2022,10:06 AM,Open,0,12/03/2022,10:06 AM,Open,0,10:06 AM,0,11:22 AM
Tennis Courts,0,11/30/2022,10:08 AM,Closed,0,11/30/2022,10:08 AM,Closed,0,10:08 AM,0,10:08 AM
Arc Floor One,60,11:02 AM,60,11:02 AM,60,12:11 PM,12:11 PM,60,01:17 PM,111,01:17 PM,111
Climbing,0,07:43 PM,0,07:43 PM,0,07:43 PM,07:43 PM,0,07:43 PM,0,07:43 PM,0
Arc Olympic Lifting Zones,30,11:02 AM,30,11:02 AM,30,12:11 PM,12:11 PM,30,01:17 PM,25,01:17 PM,25
Arc Floor Two,57,11:02 AM,57,11:02 AM,57,12:11 PM,12:11 PM,57,01:17 PM,57,01:17 PM,57
South Court,7,11:02 AM,7,11:02 AM,7,12:11 PM,12:11 PM,7,01:17 PM,11,01:17 PM,11
Four Court Gym,13,11:02 AM,13,11:02 AM,13,12:11 PM,12:11 PM,13,01:17 PM,6,01:17 PM,6
North Court,0,09:09 AM,0,09:09 AM,0,09:09 AM,09:09 AM,0,09:09 AM,0,09:09 AM,0
Recreation Pool,2,11:22 AM,2,12:05 PM,1,12:05 PM,12:05 PM,1,12:05 PM,1,12:05 PM,1
Competition Pool,12,11:22 AM,12,12:05 PM,9,12:05 PM,12:05 PM,9,12:05 PM,9,12:05 PM,9
Arc Express,14,11:30 AM,21,12:00 PM,15,12:00 PM,12:31 PM,21,12:31 PM,21,01:38 PM,14
Spa,0,10:06 AM,0,10:06 AM,0,10:06 AM,10:06 AM,0,10:06 AM,0,10:06 AM,0
Aquaplex Pool Deck,5,11:22 AM,5,11:22 AM,5,11:22 AM,11:22 AM,5,11:22 AM,5,11:22 AM,5
Tennis Courts,0,10:08 AM,0,10:08 AM,0,10:08 AM,10:08 AM,0,10:08 AM,0,10:08 AM,0
Arc Floor One,01:17 PM,111,02:07 PM,86,02:07 PM,86,03:09 PM,75,03:09 PM,Open,75,03:09 PM
Climbing,07:43 PM,0,07:43 PM,0,07:43 PM,0,07:43 PM,0,07:43 PM,Closed,0,07:43 PM
Arc Olympic Lifting Zones,01:17 PM,25,02:07 PM,58,02:07 PM,58,03:09 PM,40,03:09 PM,Open,40,03:09 PM
Arc Floor Two,01:17 PM,57,02:07 PM,74,02:07 PM,74,03:09 PM,64,03:09 PM,Open,64,03:09 PM
South Court,01:17 PM,11,02:07 PM,9,02:07 PM,9,03:09 PM,0,03:09 PM,Open,0,03:09 PM
Four Court Gym,01:17 PM,6,02:07 PM,23,02:07 PM,23,02:07 PM,23,02:07 PM,Open,23,02:07 PM
North Court,09:09 AM,0,09:09 AM,0,09:09 AM,0,09:09 AM,0,09:09 AM,Closed,0,09:09 AM
Recreation Pool,12:05 PM,1,12:05 PM,1,12:05 PM,1,12:05 PM,1,03:19 PM,Open,4,03:19 PM
Competition Pool,12:05 PM,9,12:05 PM,9,12:05 PM,9,12:05 PM,9,03:19 PM,Open,2,03:19 PM
Arc Express,02:00 PM,20,02:00 PM,20,02:39 PM,13,03:12 PM,4,03:12 PM,Open,4,04:12 PM
Spa,10:06 AM,0,10:06 AM,0,10:06 AM,0,10:06 AM,0,03:19 PM,Closed,0,03:19 PM
Aquaplex Pool Deck,11:22 AM,5,11:22 AM,5,11:22 AM,5,11:22 AM,5,03:20 PM,Open,2,03:20 PM
Tennis Courts,10:08 AM,0,10:08 AM,0,10:08 AM,0,10:08 AM,0,10:08 AM,Closed,0,10:08 AM
Arc Floor One,75,03:09 PM,Open,75,03:09 PM,75,03:09 PM,75,03:09 PM,75,08:51 PM,24
Climbing,0,07:43 PM,Closed,0,07:43 PM,0,07:43 PM,0,07:43 PM,0,07:43 PM,0
Arc Olympic Lifting Zones,40,03:09 PM,Open,40,03:09 PM,40,03:09 PM,40,03:09 PM,40,08:51 PM,20
Arc Floor Two,64,03:09 PM,Open,64,03:09 PM,64,03:09 PM,64,03:09 PM,64,08:51 PM,27
South Court,0,03:09 PM,Open,0,03:09 PM,0,03:09 PM,0,03:09 PM,0,08:51 PM,11
Four Court Gym,23,02:07 PM,Open,23,02:07 PM,23,02:07 PM,23,02:07 PM,23,08:51 PM,17
North Court,0,09:09 AM,Closed,0,09:09 AM,0,09:09 AM,0,09:09 AM,0,08:51 PM,0
Recreation Pool,4,05:01 PM,Closed,0,05:01 PM,0,05:01 PM,0,05:01 PM,0,05:01 PM,0
Competition Pool,2,05:01 PM,Closed,0,05:01 PM,0,05:01 PM,0,05:01 PM,0,05:01 PM,0
Arc Express,13,05:06 PM,Open,11,06:06 PM,12,07:03 PM,15,07:59 PM,0,07:59 PM,0
Spa,0,03:19 PM,Closed,0,03:19 PM,0,03:19 PM,0,03:19 PM,0,03:19 PM,0
Aquaplex Pool Deck,2,05:01 PM,Closed,0,05:01 PM,0,05:01 PM,0,05:01 PM,0,05:01 PM,0
Tennis Courts,0,10:08 AM,Closed,0,10:08 AM,0,10:08 AM,0,10:08 AM,0,10:08 AM,0
Arc Floor One,09:25 PM,36,10:50 PM,24,11:06 PM,24,12/03/2022,11:06 PM,12/03/2022,11:06 PM,24,11:06 PM
Climbing,07:43 PM,0,07:43 PM,0,07:43 PM,0,12/02/2022,07:43 PM,12/02/2022,07:43 PM,0,07:43 PM
Arc Olympic Lifting Zones,09:25 PM,17,10:50 PM,21,11:06 PM,20,12/03/2022,11:06 PM,12/03/2022,11:06 PM,20,11:06 PM
Arc Floor Two,09:25 PM,21,10:50 PM,16,11:06 PM,23,12/03/2022,11:06 PM,12/03/2022,11:06 PM,23,11:06 PM
South Court,09:25 PM,10,10:50 PM,12,11:06 PM,6,12/03/2022,11:06 PM,12/03/2022,11:06 PM,6,11:06 PM
Four Court Gym,09:25 PM,13,10:50 PM,14,11:06 PM,8,12/03/2022,11:06 PM,12/03/2022,11:06 PM,8,11:06 PM
North Court,09:25 PM,0,10:50 PM,0,11:06 PM,0,12/03/2022,11:06 PM,12/03/2022,11:06 PM,0,11:06 PM
Recreation Pool,05:01 PM,0,05:01 PM,0,05:01 PM,0,12/03/2022,05:01 PM,12/04/2022,10:08 AM,4,10:08 AM
Competition Pool,05:01 PM,0,05:01 PM,0,05:01 PM,0,12/03/2022,05:01 PM,12/04/2022,10:08 AM,1,10:08 AM
Arc Express,07:59 PM,0,07:59 PM,0,07:59 PM,0,12/04/2022,09:55 AM,12/04/2022,09:55 AM,0,10:57 AM
Spa,03:19 PM,0,03:19 PM,0,03:19 PM,0,12/03/2022,03:19 PM,12/03/2022,03:19 PM,0,03:19 PM
Aquaplex Pool Deck,05:01 PM,0,05:01 PM,0,05:01 PM,0,12/03/2022,05:01 PM,12/04/2022,10:08 AM,0,10:08 AM
Tennis Courts,10:08 AM,0,10:08 AM,0,10:08 AM,0,11/30/2022,10:08 AM,11/30/2022,10:08 AM,0,10:08 AM
Arc Floor One,24,12/04/2022,10:59 AM,35,10:59 AM,35,10:59 AM,35,12/04/2022,10:59 AM,35,10:59 AM
Climbing,0,12/02/2022,07:43 PM,0,07:43 PM,0,07:43 PM,0,12/02/2022,07:43 PM,0,07:43 PM
Arc Olympic Lifting Zones,20,12/04/2022,10:59 AM,19,10:59 AM,19,10:59 AM,19,12/04/2022,10:59 AM,19,10:59 AM
Arc Floor Two,23,12/04/2022,10:59 AM,47,10:59 AM,47,10:59 AM,47,12/04/2022,10:59 AM,47,10:59 AM
South Court,6,12/03/2022,11:06 PM,6,11:06 PM,6,11:06 PM,6,12/03/2022,11:06 PM,6,11:06 PM
Four Court Gym,8,12/04/2022,10:59 AM,7,10:59 AM,7,10:59 AM,7,12/04/2022,10:59 AM,7,10:59 AM
North Court,0,12/03/2022,11:06 PM,0,11:06 PM,0,11:06 PM,0,12/03/2022,11:06 PM,0,11:06 PM
Recreation Pool,4,12/04/2022,10:08 AM,4,11:22 AM,3,12:05 PM,5,12/04/2022,01:04 PM,2,01:04 PM
Competition Pool,1,12/04/2022,10:08 AM,1,10:08 AM,1,12:04 PM,2,12/04/2022,12:04 PM,2,12:04 PM
Arc Express,4,12/04/2022,10:57 AM,4,10:57 AM,4,10:57 AM,4,12/04/2022,10:57 AM,4,01:32 PM
Spa,0,12/03/2022,03:19 PM,0,03:19 PM,0,03:19 PM,0,12/03/2022,03:19 PM,0,03:19 PM
Aquaplex Pool Deck,0,12/04/2022,10:08 AM,0,10:08 AM,0,12:05 PM,10,12/04/2022,01:04 PM,17,01:04 PM
Tennis Courts,0,11/30/2022,10:08 AM,0,10:08 AM,0,10:08 AM,0,12/04/2022,01:04 PM,4,01:04 PM
Arc Floor One,35,10:59 AM,35,10:59 AM,35,10:59 AM,35,10:59 AM,35,04:10 PM,75,04:10 PM
Climbing,0,07:43 PM,0,07:43 PM,0,07:43 PM,0,07:43 PM,0,07:43 PM,0,07:43 PM
Arc Olympic Lifting Zones,19,10:59 AM,19,10:59 AM,19,10:59 AM,19,10:59 AM,19,04:10 PM,33,04:10 PM
Arc Floor Two,47,10:59 AM,47,10:59 AM,47,10:59 AM,47,10:59 AM,47,04:10 PM,59,04:10 PM
South Court,6,11:06 PM,6,11:06 PM,6,11:06 PM,6,11:06 PM,6,11:06 PM,6,11:06 PM
Four Court Gym,7,10:59 AM,7,10:59 AM,7,10:59 AM,7,10:59 AM,7,04:10 PM,16,04:10 PM
North Court,0,11:06 PM,0,11:06 PM,0,11:06 PM,0,11:06 PM,0,11:06 PM,0,11:06 PM
Recreation Pool,2,01:04 PM,2,01:04 PM,2,01:04 PM,2,01:04 PM,2,01:04 PM,2,01:04 PM
Competition Pool,2,12:04 PM,2,12:04 PM,2,12:04 PM,2,03:42 PM,5,03:42 PM,5,03:42 PM
Arc Express,8,02:18 PM,11,03:04 PM,16,03:38 PM,18,03:38 PM,18,04:02 PM,9,04:34 PM
Spa,0,03:19 PM,0,03:19 PM,0,03:19 PM,0,03:19 PM,0,03:19 PM,0,03:19 PM
Aquaplex Pool Deck,17,01:04 PM,17,01:04 PM,17,01:04 PM,17,03:42 PM,2,03:42 PM,2,03:42 PM
Tennis Courts,4,01:04 PM,4,01:04 PM,4,01:04 PM,4,03:42 PM,8,03:42 PM,8,03:42 PM
Arc Floor One,75,04:56 PM,80,04:56 PM,80,04:56 PM,80,05:52 PM,82,05:52 PM,05:52 PM,82
Climbing,0,07:43 PM,0,07:43 PM,0,07:43 PM,0,07:43 PM,0,07:43 PM,07:43 PM,0
Arc Olympic Lifting Zones,33,04:56 PM,39,04:56 PM,39,04:56 PM,39,05:52 PM,42,05:52 PM,05:52 PM,42
Arc Floor Two,59,04:56 PM,61,04:56 PM,61,04:56 PM,61,05:52 PM,49,05:52 PM,05:52 PM,49
South Court,6,11:06 PM,6,11:06 PM,6,11:06 PM,6,11:06 PM,6,11:06 PM,11:06 PM,6
Four Court Gym,16,04:56 PM,19,04:56 PM,19,04:56 PM,19,05:52 PM,33,05:52 PM,05:52 PM,33
North Court,0,11:06 PM,0,11:06 PM,0,11:06 PM,0,11:06 PM,0,11:06 PM,11:06 PM,0
Recreation Pool,2,01:04 PM,2,01:04 PM,2,01:04 PM,2,01:04 PM,2,01:04 PM,01:04 PM,2
Competition Pool,5,03:42 PM,5,03:42 PM,5,03:42 PM,5,03:42 PM,5,03:42 PM,03:42 PM,5
Arc Express,13,04:34 PM,13,05:02 PM,17,05:32 PM,16,05:32 PM,16,06:07 PM,06:35 PM,11
Spa,0,03:19 PM,0,03:19 PM,0,03:19 PM,0,03:19 PM,0,03:19 PM,03:19 PM,0
Aquaplex Pool Deck,2,03:42 PM,2,03:42 PM,2,03:42 PM,2,03:42 PM,2,03:42 PM,03:42 PM,2
Tennis Courts,8,03:42 PM,8,03:42 PM,8,03:42 PM,8,03:42 PM,8,03:42 PM,03:42 PM,8
Arc Floor One,05:52 PM,82,12/04/2022,07:06 PM,75,07:06 PM,75,07:06 PM,75,12/04/2022,09:32 PM,50
Climbing,07:43 PM,0,12/02/2022,07:43 PM,0,07:43 PM,0,07:43 PM,0,12/02/2022,07:43 PM,0
Arc Olympic Lifting Zones,05:52 PM,42,12/04/2022,07:06 PM,24,07:06 PM,24,07:06 PM,24,12/04/2022,09:32 PM,13
Arc Floor Two,05:52 PM,49,12/04/2022,07:06 PM,54,07:06 PM,54,07:06 PM,54,12/04/2022,09:32 PM,40
South Court,11:06 PM,6,12/04/2022,07:06 PM,8,07:06 PM,8,07:06 PM,8,12/04/2022,09:32 PM,2
Four Court Gym,05:52 PM,33,12/04/2022,07:06 PM,6,07:06 PM,6,07:06 PM,6,12/04/2022,09:32 PM,18
North Court,11:06 PM,0,12/03/2022,11:06 PM,0,11:06 PM,0,11:06 PM,0,12/04/2022,09:32 PM,0
Recreation Pool,01:04 PM,2,12/04/2022,01:04 PM,2,01:04 PM,2,01:04 PM,2,12/04/2022,01:04 PM,2
Competition Pool,03:42 PM,5,12/04/2022,03:42 PM,5,03:42 PM,5,03:42 PM,5,12/04/2022,03:42 PM,5
Arc Express,07:01 PM,13,12/04/2022,07:01 PM,13,07:36 PM,6,07:56 PM,0,12/04/2022,07:56 PM,0
Spa,03:19 PM,0,12/03/2022,03:19 PM,0,03:19 PM,0,03:19 PM,0,12/03/2022,03:19 PM,0
Aquaplex Pool Deck,03:42 PM,2,12/04/2022,03:42 PM,2,03:42 PM,2,03:42 PM,2,12/04/2022,03:42 PM,2
Tennis Courts,03:42 PM,8,12/04/2022,03:42 PM,8,03:42 PM,8,03:42 PM,8,12/04/2022,03:42 PM,8
Arc Floor One,10:15 PM,46,12/05/2022,06:06 AM,18,07:15 AM,40,08:07 AM,48,12/05/2022,08:07 AM,48
Climbing,07:43 PM,0,12/02/2022,07:43 PM,0,07:43 PM,0,07:43 PM,0,12/02/2022,07:43 PM,0
Arc Olympic Lifting Zones,10:15 PM,11,12/05/2022,06:06 AM,11,07:15 AM,23,08:07 AM,23,12/05/2022,08:07 AM,23
Arc Floor Two,10:15 PM,33,12/05/2022,06:06 AM,14,07:15 AM,36,08:07 AM,36,12/05/2022,08:07 AM,36
South Court,09:32 PM,2,12/05/2022,06:06 AM,0,06:06 AM,0,08:07 AM,0,12/05/2022,08:07 AM,0
Four Court Gym,09:32 PM,18,12/05/2022,06:06 AM,0,07:15 AM,0,08:07 AM,0,12/05/2022,08:07 AM,0
North Court,09:32 PM,0,12/05/2022,06:06 AM,0,07:15 AM,0,08:07 AM,0,12/05/2022,08:07 AM,0
Recreation Pool,01:04 PM,2,12/04/2022,01:04 PM,2,01:04 PM,2,01:04 PM,2,12/04/2022,01:04 PM,2
Competition Pool,03:42 PM,5,12/04/2022,03:42 PM,5,03:42 PM,5,03:42 PM,5,12/04/2022,03:42 PM,5
Arc Express,07:56 PM,0,12/04/2022,07:56 PM,0,07:56 PM,0,07:56 PM,0,12/05/2022,08:49 AM,4
Spa,03:19 PM,0,12/03/2022,03:19 PM,0,03:19 PM,0,03:19 PM,0,12/03/2022,03:19 PM,0
Aquaplex Pool Deck,03:42 PM,2,12/04/2022,03:42 PM,2,03:42 PM,2,03:42 PM,2,12/04/2022,03:42 PM,2
Tennis Courts,03:42 PM,8,12/04/2022,03:42 PM,8,03:42 PM,8,03:42 PM,8,12/04/2022,03:42 PM,8
Arc Floor One,08:07 AM,09:25 AM,59,09:25 AM,59,12/05/2022,09:25 AM,59,10:16 AM,88,10:16 AM,88
Climbing,07:43 PM,07:43 PM,0,07:43 PM,0,12/02/2022,07:43 PM,0,07:43 PM,0,07:43 PM,0
Arc Olympic Lifting Zones,08:07 AM,09:25 AM,38,09:25 AM,38,12/05/2022,09:25 AM,38,10:16 AM,38,10:16 AM,38
Arc Floor Two,08:07 AM,09:25 AM,34,09:25 AM,34,12/05/2022,09:25 AM,34,10:16 AM,45,10:16 AM,45
South Court,08:07 AM,09:25 AM,0,09:25 AM,0,12/05/2022,09:25 AM,0,10:16 AM,0,10:16 AM,0
Four Court Gym,08:07 AM,09:25 AM,2,09:25 AM,2,12/05/2022,09:25 AM,2,10:16 AM,5,10:16 AM,5
North Court,08:07 AM,09:25 AM,0,09:25 AM,0,12/05/2022,09:25 AM,0,10:16 AM,0,10:16 AM,0
Recreation Pool,01:04 PM,01:04 PM,2,01:04 PM,2,12/05/2022,10:03 AM,1,10:03 AM,1,10:03 AM,1
Competition Pool,03:42 PM,03:42 PM,5,03:42 PM,5,12/05/2022,10:03 AM,19,10:03 AM,19,10:03 AM,19
Arc Express,09:19 AM,09:19 AM,4,10:00 AM,8,12/05/2022,10:00 AM,8,10:00 AM,8,10:30 AM,14
Spa,03:19 PM,03:19 PM,0,03:19 PM,0,12/03/2022,03:19 PM,0,03:19 PM,0,03:19 PM,0
Aquaplex Pool Deck,03:42 PM,03:42 PM,2,03:42 PM,2,12/05/2022,10:03 AM,3,10:03 AM,3,10:03 AM,3
Tennis Courts,03:42 PM,03:42 PM,8,03:42 PM,8,12/05/2022,10:03 AM,0,10:03 AM,0,10:03 AM,0
Arc Floor One,10:16 AM,88,11:09 AM,106,11:09 AM,106,11:09 AM,106,11:09 AM,106,01:12 PM,99
Climbing,07:43 PM,0,07:43 PM,0,07:43 PM,0,07:43 PM,0,07:43 PM,0,07:43 PM,0
Arc Olympic Lifting Zones,10:16 AM,38,11:09 AM,45,11:09 AM,45,11:09 AM,45,11:09 AM,45,01:12 PM,50
Arc Floor Two,10:16 AM,45,11:09 AM,54,11:09 AM,54,11:09 AM,54,11:09 AM,54,01:12 PM,57
South Court,10:16 AM,0,11:09 AM,0,11:09 AM,0,11:09 AM,0,11:09 AM,0,01:12 PM,0
Four Court Gym,10:16 AM,5,11:09 AM,6,11:09 AM,6,11:09 AM,6,11:09 AM,6,01:12 PM,5
North Court,10:16 AM,0,11:09 AM,0,11:09 AM,0,11:09 AM,0,11:09 AM,0,01:12 PM,1
Recreation Pool,10:03 AM,1,10:03 AM,1,11:12 AM,0,11:12 AM,0,12:04 PM,1,12:04 PM,1
Competition Pool,10:03 AM,19,10:03 AM,19,11:12 AM,1,11:12 AM,1,12:04 PM,12,12:04 PM,12
Arc Express,10:58 AM,17,10:58 AM,17,10:58 AM,17,11:33 AM,16,12:03 PM,15,12:03 PM,15
Spa,03:19 PM,0,03:19 PM,0,03:19 PM,0,03:19 PM,0,03:19 PM,0,03:19 PM,0
Aquaplex Pool Deck,10:03 AM,3,10:03 AM,3,11:12 AM,0,11:12 AM,0,12:04 PM,2,12:04 PM,2
Tennis Courts,10:03 AM,0,10:03 AM,0,10:03 AM,0,10:03 AM,0,10:03 AM,0,10:03 AM,0
Arc Floor One,01:12 PM,99,02:00 PM,113,02:00 PM,113,02:36 PM,108,12/05/2022,03:08 PM,119,03:08 PM
Climbing,07:43 PM,0,07:43 PM,0,07:43 PM,0,07:43 PM,0,12/05/2022,03:08 PM,9,03:08 PM
Arc Olympic Lifting Zones,01:12 PM,50,02:00 PM,50,02:00 PM,50,02:36 PM,44,12/05/2022,03:08 PM,51,03:08 PM
Arc Floor Two,01:12 PM,57,02:00 PM,77,02:00 PM,77,02:36 PM,58,12/05/2022,03:08 PM,83,03:08 PM
South Court,01:12 PM,0,02:00 PM,1,02:00 PM,1,02:36 PM,0,12/05/2022,03:08 PM,1,03:08 PM
Four Court Gym,01:12 PM,5,02:00 PM,9,02:00 PM,9,02:36 PM,7,12/05/2022,03:08 PM,0,03:08 PM
North Court,01:12 PM,1,02:00 PM,0,02:00 PM,0,02:36 PM,0,12/05/2022,03:08 PM,0,03:08 PM
Recreation Pool,01:30 PM,0,01:30 PM,0,01:30 PM,0,02:33 PM,3,12/05/2022,02:33 PM,3,03:34 PM
Competition Pool,01:30 PM,10,01:30 PM,10,01:30 PM,10,02:33 PM,0,12/05/2022,02:33 PM,0,03:34 PM
Arc Express,01:32 PM,16,01:32 PM,16,02:07 PM,21,02:39 PM,24,12/05/2022,03:06 PM,24,03:06 PM
Spa,03:19 PM,0,03:19 PM,0,03:19 PM,0,03:19 PM,0,12/03/2022,03:19 PM,0,03:19 PM
Aquaplex Pool Deck,01:30 PM,1,01:30 PM,1,01:30 PM,1,02:33 PM,0,12/05/2022,02:33 PM,0,03:34 PM
Tennis Courts,10:03 AM,0,10:03 AM,0,10:03 AM,0,10:03 AM,0,12/05/2022,10:03 AM,0,10:03 AM
Arc Floor One,119,03:59 PM,119,03:59 PM,119,03:59 PM,119,05:06 PM,119,05:58 PM,144,05:58 PM
Climbing,9,03:59 PM,16,03:59 PM,16,03:59 PM,16,05:06 PM,21,05:58 PM,16,05:58 PM
Arc Olympic Lifting Zones,51,03:59 PM,43,03:59 PM,43,03:59 PM,43,05:06 PM,55,05:58 PM,65,05:58 PM
Arc Floor Two,83,03:59 PM,83,03:59 PM,83,03:59 PM,83,05:06 PM,80,05:58 PM,95,05:58 PM
South Court,1,03:59 PM,0,03:59 PM,0,03:59 PM,0,05:06 PM,1,05:58 PM,0,05:58 PM
Four Court Gym,0,03:59 PM,5,03:59 PM,5,03:59 PM,5,05:06 PM,13,05:58 PM,7,05:58 PM
North Court,0,03:59 PM,0,03:59 PM,0,03:59 PM,0,05:07 PM,2,05:58 PM,0,05:58 PM
Recreation Pool,0,03:34 PM,0,03:34 PM,0,03:34 PM,0,05:08 PM,5,05:08 PM,5,06:20 PM
Competition Pool,0,03:34 PM,0,03:34 PM,0,03:34 PM,0,05:08 PM,14,05:08 PM,14,06:20 PM
Arc Express,24,04:02 PM,34,04:30 PM,26,05:03 PM,31,05:03 PM,31,05:56 PM,20,05:56 PM
Spa,0,03:19 PM,0,03:19 PM,0,03:19 PM,0,03:19 PM,0,03:19 PM,0,03:19 PM
Aquaplex Pool Deck,1,03:34 PM,1,03:34 PM,1,03:34 PM,1,05:08 PM,2,05:08 PM,2,06:20 PM
Tennis Courts,0,10:03 AM,0,10:03 AM,0,10:03 AM,0,05:08 PM,0,05:08 PM,0,05:08 PM
Arc Floor One,144,05:58 PM,144,05:58 PM,144,07:10 PM,Open,109,08:00 PM,Open,106,08:14 PM
Climbing,16,05:58 PM,16,05:58 PM,16,07:10 PM,Open,20,08:00 PM,Open,21,08:14 PM
Arc Olympic Lifting Zones,65,05:58 PM,65,05:58 PM,65,07:10 PM,Open,50,08:00 PM,Open,48,08:14 PM
Arc Floor Two,95,05:58 PM,95,05:58 PM,95,07:10 PM,Open,83,08:00 PM,Open,79,08:14 PM
South Court,0,05:58 PM,0,05:58 PM,0,07:10 PM,Open,0,08:00 PM,Open,0,08:14 PM
Four Court Gym,7,05:58 PM,7,05:58 PM,7,07:10 PM,Closed,0,07:10 PM,Closed,0,08:14 PM
North Court,0,05:58 PM,0,05:58 PM,0,07:10 PM,Open,2,08:00 PM,Open,3,08:14 PM
Recreation Pool,1,06:20 PM,1,06:20 PM,1,06:20 PM,Open,1,10:03 AM,Open,1,10:03 AM
Competition Pool,6,06:20 PM,6,06:20 PM,6,06:20 PM,Open,6,10:03 AM,Open,19,10:03 AM
Arc Express,20,06:31 PM,16,07:04 PM,8,07:04 PM,Open,8,07:04 PM,Open,8,07:04 PM
Spa,0,03:19 PM,0,03:19 PM,0,03:19 PM,Closed,0,03:19 PM,Closed,0,03:19 PM
Aquaplex Pool Deck,5,06:20 PM,5,06:20 PM,5,06:20 PM,Open,5,10:03 AM,Open,3,10:03 AM
Tennis Courts,0,05:08 PM,0,05:08 PM,0,05:08 PM,Open,0,10:03 AM,Closed,0,10:03 AM
Arc Floor One,105,08:14 PM,105,08:14 PM,Open,105,08:14 PM,105,09:20 PM,109,09:20 PM,109
Climbing,5,08:14 PM,5,08:14 PM,Open,5,08:14 PM,5,09:20 PM,0,09:20 PM,0
Arc Olympic Lifting Zones,53,08:14 PM,53,08:14 PM,Open,53,08:14 PM,53,09:20 PM,52,09:20 PM,52
Arc Floor Two,81,08:14 PM,81,08:14 PM,Open,81,08:14 PM,81,09:20 PM,76,09:20 PM,76
South Court,0,08:14 PM,0,08:14 PM,Open,0,08:14 PM,0,09:20 PM,6,09:20 PM,6
Four Court Gym,26,08:14 PM,26,08:14 PM,Open,26,08:14 PM,26,09:20 PM,20,09:20 PM,20
North Court,2,08:14 PM,2,08:14 PM,Open,2,08:14 PM,2,09:20 PM,5,09:20 PM,5
Recreation Pool,1,10:03 AM,1,08:51 PM,Closed,0,08:51 PM,0,08:51 PM,0,08:51 PM,0
Competition Pool,19,10:03 AM,19,08:51 PM,Closed,0,08:51 PM,0,08:51 PM,0,08:51 PM,0
Arc Express,8,08:22 PM,17,08:22 PM,Open,17,09:05 PM,9,09:05 PM,9,09:29 PM,0
Spa,0,03:19 PM,0,03:19 PM,Closed,0,03:19 PM,0,03:19 PM,0,03:19 PM,0
Aquaplex Pool Deck,3,10:03 AM,3,08:51 PM,Closed,0,08:51 PM,0,08:51 PM,0,08:51 PM,0
Tennis Courts,0,10:03 AM,0,10:03 AM,Closed,0,10:03 AM,0,10:03 AM,0,10:03 AM,0
Arc Floor One,10:27 PM,83,11:11 PM,53,12/06/2022,12:28 AM,23,07:25 AM,40,12/06/2022,07:25 AM,40
Climbing,09:20 PM,0,09:20 PM,0,12/05/2022,09:20 PM,0,09:20 PM,0,12/05/2022,09:20 PM,0
Arc Olympic Lifting Zones,10:27 PM,37,11:11 PM,37,12/06/2022,12:28 AM,14,07:25 AM,19,12/06/2022,07:25 AM,19
Arc Floor Two,10:27 PM,54,11:11 PM,58,12/06/2022,12:28 AM,8,07:25 AM,17,12/06/2022,07:25 AM,17
South Court,10:27 PM,0,11:11 PM,12,12/06/2022,12:28 AM,0,07:25 AM,0,12/06/2022,07:25 AM,0
Four Court Gym,10:27 PM,19,11:11 PM,11,12/06/2022,12:28 AM,3,07:25 AM,1,12/06/2022,07:25 AM,1
North Court,10:27 PM,8,11:11 PM,0,12/06/2022,12:28 AM,0,07:25 AM,0,12/06/2022,07:25 AM,0
Recreation Pool,08:51 PM,0,08:51 PM,0,12/05/2022,08:51 PM,0,08:51 PM,0,12/05/2022,08:51 PM,0
Competition Pool,08:51 PM,0,08:51 PM,0,12/05/2022,08:51 PM,0,08:51 PM,0,12/05/2022,08:51 PM,0
Arc Express,09:29 PM,0,09:29 PM,0,12/05/2022,09:29 PM,0,09:29 PM,0,12/06/2022,08:28 AM,11
Spa,03:19 PM,0,03:19 PM,0,12/03/2022,03:19 PM,0,03:19 PM,0,12/03/2022,03:19 PM,0
Aquaplex Pool Deck,08:51 PM,0,08:51 PM,0,12/05/2022,08:51 PM,0,08:51 PM,0,12/05/2022,08:51 PM,0
Tennis Courts,10:03 AM,0,10:03 AM,0,12/05/2022,10:03 AM,0,10:03 AM,0,12/05/2022,10:03 AM,0
Arc Floor One,07:25 AM,40,09:07 AM,57,09:07 AM,57,09:07 AM,57,12/06/2022,10:17 AM,65,10:17 AM
Climbing,09:20 PM,0,09:20 PM,0,09:20 PM,0,09:20 PM,0,12/05/2022,09:20 PM,0,09:20 PM
Arc Olympic Lifting Zones,07:25 AM,19,09:07 AM,34,09:07 AM,34,09:07 AM,34,12/06/2022,10:17 AM,36,10:17 AM
Arc Floor Two,07:25 AM,17,09:07 AM,31,09:07 AM,31,09:07 AM,31,12/06/2022,10:17 AM,37,10:17 AM
South Court,07:25 AM,0,09:07 AM,0,09:07 AM,0,09:07 AM,0,12/06/2022,10:17 AM,0,10:17 AM
Four Court Gym,07:25 AM,1,09:07 AM,2,09:07 AM,2,09:07 AM,2,12/06/2022,10:17 AM,5,10:17 AM
North Court,07:25 AM,0,09:07 AM,0,09:07 AM,0,09:07 AM,0,12/06/2022,10:17 AM,0,10:17 AM
Recreation Pool,08:51 PM,0,08:51 PM,0,08:51 PM,0,08:51 PM,0,12/06/2022,10:15 AM,4,10:15 AM
Competition Pool,08:51 PM,0,08:51 PM,0,08:51 PM,0,08:51 PM,0,12/06/2022,10:15 AM,8,10:15 AM
Arc Express,08:58 AM,8,08:58 AM,8,09:29 AM,13,09:57 AM,14,12/06/2022,09:57 AM,14,10:30 AM
Spa,03:19 PM,0,03:19 PM,0,03:19 PM,0,03:19 PM,0,12/03/2022,03:19 PM,0,03:19 PM
Aquaplex Pool Deck,08:51 PM,0,08:51 PM,0,08:51 PM,0,08:51 PM,0,12/06/2022,10:15 AM,1,10:15 AM
Tennis Courts,10:03 AM,0,10:03 AM,0,10:03 AM,0,10:03 AM,0,12/05/2022,10:03 AM,0,10:03 AM
Arc Floor One,65,10:17 AM,65,10:17 AM,65,12:04 PM,88,12:04 PM,01:14 PM,112,12/06/2022,01:14 PM
Climbing,0,09:20 PM,0,09:20 PM,0,09:20 PM,0,09:20 PM,09:20 PM,0,12/05/2022,09:20 PM
Arc Olympic Lifting Zones,36,10:17 AM,36,10:17 AM,36,12:04 PM,39,12:04 PM,01:14 PM,47,12/06/2022,01:14 PM
Arc Floor Two,37,10:17 AM,37,10:17 AM,37,12:04 PM,55,12:04 PM,01:14 PM,78,12/06/2022,01:14 PM
South Court,0,10:17 AM,0,10:17 AM,0,10:17 AM,0,10:17 AM,01:14 PM,3,12/06/2022,01:14 PM
Four Court Gym,5,10:17 AM,5,10:17 AM,5,10:17 AM,5,10:17 AM,01:14 PM,12,12/06/2022,01:14 PM
North Court,0,10:17 AM,0,10:17 AM,0,10:17 AM,0,10:17 AM,01:14 PM,1,12/06/2022,01:14 PM
Recreation Pool,4,11:03 AM,2,11:03 AM,2,11:58 AM,1,11:58 AM,11:58 AM,1,12/06/2022,01:26 PM
Competition Pool,8,11:03 AM,4,11:03 AM,4,11:58 AM,4,11:58 AM,11:58 AM,4,12/06/2022,01:26 PM
Arc Express,13,10:30 AM,13,11:26 AM,21,11:26 AM,21,12:08 PM,12:08 PM,21,12/06/2022,12:08 PM
Spa,0,03:19 PM,0,03:19 PM,0,03:19 PM,0,03:19 PM,03:19 PM,0,12/03/2022,03:19 PM
Aquaplex Pool Deck,1,11:03 AM,0,11:03 AM,0,11:58 AM,1,11:58 AM,11:58 AM,1,12/06/2022,01:26 PM
Tennis Courts,0,10:03 AM,0,10:03 AM,0,10:03 AM,0,10:03 AM,10:03 AM,0,12/06/2022,01:26 PM
Arc Floor One,112,01:14 PM,112,02:12 PM,95,02:12 PM,95,02:12 PM,95,03:24 PM,91,03:24 PM
Climbing,0,09:20 PM,0,09:20 PM,0,09:20 PM,0,09:20 PM,0,09:20 PM,0,09:20 PM
Arc Olympic Lifting Zones,47,01:14 PM,47,02:12 PM,40,02:12 PM,40,02:12 PM,40,03:24 PM,39,03:24 PM
Arc Floor Two,78,01:14 PM,78,02:12 PM,82,02:12 PM,82,02:12 PM,82,03:24 PM,70,03:24 PM
South Court,3,01:14 PM,3,02:12 PM,7,02:12 PM,7,02:12 PM,7,03:24 PM,11,03:24 PM
Four Court Gym,12,01:14 PM,12,02:12 PM,4,02:12 PM,4,02:12 PM,4,03:24 PM,12,03:24 PM
North Court,1,01:14 PM,1,02:12 PM,0,02:12 PM,0,02:12 PM,0,03:24 PM,4,03:24 PM
Recreation Pool,2,01:26 PM,2,01:26 PM,2,01:26 PM,2,03:12 PM,1,03:12 PM,1,03:12 PM
Competition Pool,1,01:26 PM,1,01:26 PM,1,01:26 PM,1,03:12 PM,23,03:12 PM,23,03:12 PM
Arc Express,21,02:04 PM,23,02:04 PM,23,03:00 PM,31,03:00 PM,31,03:00 PM,31,04:06 PM
Spa,0,03:19 PM,0,03:19 PM,0,03:19 PM,0,03:19 PM,0,03:19 PM,0,03:19 PM
Aquaplex Pool Deck,1,01:26 PM,1,01:26 PM,1,01:26 PM,1,03:12 PM,3,03:12 PM,3,03:12 PM
Tennis Courts,0,01:26 PM,0,01:26 PM,0,01:26 PM,0,01:26 PM,0,01:26 PM,0,01:26 PM
Arc Floor One,91,03:24 PM,91,03:24 PM,91,03:24 PM,91,12/06/2022,05:22 PM,137,05:22 PM,137
Climbing,0,09:20 PM,0,09:20 PM,0,09:20 PM,0,12/06/2022,05:22 PM,19,05:22 PM,19
Arc Olympic Lifting Zones,39,03:24 PM,39,03:24 PM,39,03:24 PM,39,12/06/2022,05:22 PM,76,05:22 PM,76
Arc Floor Two,70,03:24 PM,70,03:24 PM,70,03:24 PM,70,12/06/2022,05:22 PM,84,05:22 PM,84
South Court,11,03:24 PM,11,03:24 PM,11,03:24 PM,11,12/06/2022,05:22 PM,8,05:22 PM,8
Four Court Gym,12,03:24 PM,12,03:24 PM,12,03:24 PM,12,12/06/2022,05:22 PM,28,05:22 PM,28
North Court,4,03:24 PM,4,03:24 PM,4,03:24 PM,4,12/06/2022,05:22 PM,2,05:22 PM,2
Recreation Pool,1,03:12 PM,1,04:40 PM,0,04:40 PM,0,12/06/2022,04:40 PM,0,04:40 PM,0
Competition Pool,23,03:12 PM,23,04:40 PM,1,04:40 PM,1,12/06/2022,04:40 PM,1,04:40 PM,1
Arc Express,33,04:31 PM,30,04:31 PM,30,05:04 PM,26,12/06/2022,05:04 PM,26,05:36 PM,22
Spa,0,03:19 PM,0,03:19 PM,0,03:19 PM,0,12/03/2022,03:19 PM,0,03:19 PM,0
Aquaplex Pool Deck,3,03:12 PM,3,04:40 PM,0,04:40 PM,0,12/06/2022,04:40 PM,0,04:40 PM,0
Tennis Courts,0,01:26 PM,0,01:26 PM,0,01:26 PM,0,12/06/2022,01:26 PM,0,01:26 PM,0
Arc Floor One,05:22 PM,137,06:07 PM,160,07:05 PM,115,07:05 PM,115,07:05 PM,115,08:16 PM,120
Climbing,05:22 PM,19,06:07 PM,20,07:05 PM,34,07:05 PM,34,07:05 PM,34,08:16 PM,7
Arc Olympic Lifting Zones,05:22 PM,76,06:07 PM,82,07:05 PM,63,07:05 PM,63,07:05 PM,63,08:16 PM,56
Arc Floor Two,05:22 PM,84,06:07 PM,91,07:05 PM,100,07:05 PM,100,07:05 PM,100,08:16 PM,104
South Court,05:22 PM,8,06:07 PM,6,07:05 PM,10,07:05 PM,10,07:05 PM,10,08:16 PM,18
Four Court Gym,05:22 PM,28,06:07 PM,30,07:05 PM,49,07:05 PM,49,07:05 PM,49,08:16 PM,36
North Court,05:22 PM,2,06:07 PM,3,07:05 PM,9,07:05 PM,9,07:05 PM,9,08:16 PM,3
Recreation Pool,04:40 PM,0,04:40 PM,0,04:40 PM,0,04:40 PM,0,07:57 PM,4,07:57 PM,4
Competition Pool,05:58 PM,2,05:58 PM,2,05:58 PM,2,05:58 PM,2,07:57 PM,14,07:57 PM,14
Arc Express,06:02 PM,19,06:02 PM,19,06:59 PM,19,07:27 PM,13,07:53 PM,11,07:53 PM,11
Spa,03:19 PM,0,03:19 PM,0,03:19 PM,0,03:19 PM,0,03:19 PM,0,03:19 PM,0
Aquaplex Pool Deck,04:40 PM,0,04:40 PM,0,04:40 PM,0,04:40 PM,0,04:40 PM,0,04:40 PM,0
Tennis Courts,05:58 PM,0,05:58 PM,0,05:58 PM,0,05:58 PM,0,07:57 PM,0,07:57 PM,0
Arc Floor One,08:16 PM,120,08:16 PM,120,08:16 PM,120,08:16 PM,Open,120,12/07/2022,06:11 AM,21
Climbing,08:16 PM,7,08:16 PM,7,08:16 PM,7,08:16 PM,Open,7,12/07/2022,06:11 AM,0
Arc Olympic Lifting Zones,08:16 PM,56,08:16 PM,56,08:16 PM,56,08:16 PM,Open,56,12/07/2022,06:11 AM,10
Arc Floor Two,08:16 PM,104,08:16 PM,104,08:16 PM,104,08:16 PM,Open,104,12/07/2022,06:11 AM,14
South Court,08:16 PM,18,08:16 PM,18,08:16 PM,18,08:16 PM,Open,18,12/07/2022,06:11 AM,0
Four Court Gym,08:16 PM,36,08:16 PM,36,08:16 PM,36,08:16 PM,Open,36,12/07/2022,06:11 AM,0
North Court,08:16 PM,3,08:16 PM,3,08:16 PM,3,08:16 PM,Open,3,12/07/2022,06:11 AM,0
Recreation Pool,07:57 PM,4,09:09 PM,0,09:09 PM,0,09:09 PM,Closed,0,12/06/2022,09:09 PM,0
Competition Pool,07:57 PM,14,09:09 PM,0,09:09 PM,0,09:09 PM,Closed,0,12/06/2022,09:09 PM,0
Arc Express,08:27 PM,22,08:27 PM,22,09:29 PM,14,10:04 PM,Closed,0,12/06/2022,10:04 PM,0
Spa,03:19 PM,0,03:19 PM,0,03:19 PM,0,03:19 PM,Closed,0,12/03/2022,03:19 PM,0
Aquaplex Pool Deck,04:40 PM,0,09:09 PM,0,09:09 PM,0,09:09 PM,Closed,0,12/06/2022,09:09 PM,0
Tennis Courts,07:57 PM,0,07:57 PM,0,07:57 PM,0,07:57 PM,Closed,0,12/06/2022,07:57 PM,0
Arc Floor One,07:03 AM,51,12/07/2022,08:13 AM,54,08:13 AM,54,08:13 AM,54,09:31 AM,62,10:01 AM
Climbing,07:03 AM,0,12/07/2022,07:03 AM,0,07:03 AM,0,07:03 AM,0,07:03 AM,0,07:03 AM
Arc Olympic Lifting Zones,07:03 AM,22,12/07/2022,08:13 AM,24,08:13 AM,24,08:13 AM,24,09:31 AM,29,10:01 AM
Arc Floor Two,07:03 AM,34,12/07/2022,08:13 AM,32,08:13 AM,32,08:13 AM,32,09:32 AM,41,10:01 AM
South Court,07:03 AM,0,12/07/2022,08:13 AM,0,08:13 AM,0,08:13 AM,0,09:32 AM,0,09:32 AM
Four Court Gym,07:03 AM,2,12/07/2022,08:13 AM,5,08:13 AM,5,08:13 AM,5,09:32 AM,3,09:32 AM
North Court,07:03 AM,0,12/07/2022,08:13 AM,0,08:13 AM,0,08:13 AM,0,09:32 AM,0,09:32 AM
Recreation Pool,09:09 PM,0,12/06/2022,09:09 PM,0,09:09 PM,0,09:09 PM,0,09:09 PM,0,09:09 PM
Competition Pool,09:09 PM,0,12/06/2022,09:09 PM,0,09:09 PM,0,09:09 PM,0,09:09 PM,0,09:09 PM
Arc Express,10:04 PM,0,12/07/2022,08:10 AM,0,08:31 AM,7,09:01 AM,11,09:38 AM,12,10:04 AM
Spa,03:19 PM,0,12/03/2022,03:19 PM,0,03:19 PM,0,03:19 PM,0,03:19 PM,0,03:19 PM
Aquaplex Pool Deck,09:09 PM,0,12/06/2022,09:09 PM,0,09:09 PM,0,09:09 PM,0,09:09 PM,0,09:09 PM
Tennis Courts,07:57 PM,0,12/06/2022,07:57 PM,0,07:57 PM,0,07:57 PM,0,07:57 PM,0,07:57 PM
Arc Floor One,71,12/07/2022,10:01 AM,71,10:01 AM,71,10:01 AM,71,10:01 AM,71,10:01 AM,71
Climbing,0,12/07/2022,07:03 AM,0,07:03 AM,0,07:03 AM,0,07:03 AM,0,07:03 AM,0
Arc Olympic Lifting Zones,29,12/07/2022,10:01 AM,29,10:01 AM,29,10:01 AM,29,10:01 AM,29,10:01 AM,29
Arc Floor Two,42,12/07/2022,10:01 AM,42,10:01 AM,42,10:01 AM,42,10:01 AM,42,10:01 AM,42
South Court,0,12/07/2022,09:32 AM,0,09:32 AM,0,09:32 AM,0,09:32 AM,0,09:32 AM,0
Four Court Gym,3,12/07/2022,09:32 AM,3,09:32 AM,3,09:32 AM,3,09:32 AM,3,09:32 AM,3
North Court,0,12/07/2022,09:32 AM,0,09:32 AM,0,09:32 AM,0,09:32 AM,0,09:32 AM,0
Recreation Pool,0,12/07/2022,10:17 AM,3,10:17 AM,3,10:59 AM,2,10:59 AM,2,10:59 AM,2
Competition Pool,0,12/07/2022,10:17 AM,6,10:17 AM,6,10:59 AM,7,10:59 AM,7,10:59 AM,7
Arc Express,15,12/07/2022,10:04 AM,15,10:33 AM,17,10:33 AM,17,11:03 AM,23,11:35 AM,15
Spa,0,12/03/2022,03:19 PM,0,03:19 PM,0,03:19 PM,0,03:19 PM,0,03:19 PM,0
Aquaplex Pool Deck,0,12/07/2022,10:17 AM,0,10:17 AM,0,10:59 AM,2,10:59 AM,2,10:59 AM,2
Tennis Courts,0,12/06/2022,07:57 PM,0,07:57 PM,0,07:57 PM,0,07:57 PM,0,07:57 PM,0
Arc Floor One,10:01 AM,71,01:07 PM,93,01:07 PM,93,01:07 PM,02:15 PM,95,02:15 PM,95,10/02/2022
Climbing,07:03 AM,0,07:03 AM,0,07:03 AM,0,07:03 AM,02:15 PM,19,02:15 PM,19,09/26/2022
Arc Olympic Lifting Zones,10:01 AM,29,01:07 PM,47,01:07 PM,47,01:07 PM,02:15 PM,56,02:15 PM,56,10/02/2022
Arc Floor Two,10:01 AM,42,01:07 PM,53,01:07 PM,53,01:07 PM,02:15 PM,85,02:15 PM,85,10/02/2022
South Court,09:32 AM,0,01:07 PM,0,01:07 PM,0,01:07 PM,02:15 PM,0,02:15 PM,0,10/02/2022
Four Court Gym,09:32 AM,3,01:07 PM,9,01:07 PM,9,01:07 PM,02:15 PM,19,02:15 PM,19,10/02/2022
North Court,09:32 AM,0,01:07 PM,0,01:07 PM,0,01:07 PM,02:15 PM,5,02:15 PM,5,10/02/2022
Recreation Pool,12:02 PM,2,12:02 PM,2,01:26 PM,3,01:26 PM,01:26 PM,3,02:39 PM,0,12/07/2022
Competition Pool,12:02 PM,4,12:02 PM,4,01:26 PM,5,01:26 PM,01:26 PM,5,02:39 PM,14,12/07/2022
Arc Express,11:35 AM,15,01:04 PM,18,01:04 PM,18,01:30 PM,01:30 PM,18,01:30 PM,18,12/07/2022
Spa,03:19 PM,0,03:19 PM,0,03:19 PM,0,03:19 PM,03:19 PM,0,03:19 PM,0,12/03/2022
Aquaplex Pool Deck,12:02 PM,6,12:02 PM,6,01:26 PM,1,01:26 PM,01:26 PM,1,02:39 PM,3,12/07/2022
Tennis Courts,07:57 PM,0,07:57 PM,0,07:57 PM,0,07:57 PM,07:57 PM,0,07:57 PM,0,12/06/2022
Arc Floor One,01:15 PM,66,03:02 PM,94,03:02 PM,94,03:02 PM,94,03:02 PM,94,03:02 PM,94
Climbing,05:15 PM,13,03:02 PM,17,03:02 PM,17,03:02 PM,17,03:02 PM,17,03:02 PM,17
Arc Olympic Lifting Zones,01:15 PM,23,03:02 PM,51,03:02 PM,51,03:02 PM,51,03:02 PM,51,03:02 PM,51
Arc Floor Two,01:15 PM,46,03:02 PM,76,03:02 PM,76,03:02 PM,76,03:02 PM,76,03:02 PM,76
South Court,01:15 PM,0,03:02 PM,0,03:02 PM,0,03:02 PM,0,03:02 PM,0,03:02 PM,0
Four Court Gym,01:15 PM,7,03:02 PM,24,03:02 PM,24,03:02 PM,24,03:02 PM,24,03:02 PM,24
North Court,01:15 PM,0,03:02 PM,0,03:02 PM,0,03:02 PM,0,03:02 PM,0,03:02 PM,0
Recreation Pool,02:39 PM,0,02:39 PM,0,02:39 PM,0,04:07 PM,2,04:07 PM,2,04:07 PM,2
Competition Pool,02:39 PM,14,02:39 PM,14,02:39 PM,14,04:07 PM,0,04:07 PM,0,04:07 PM,0
Arc Express,01:30 PM,18,03:05 PM,21,03:55 PM,23,03:55 PM,23,04:31 PM,26,05:01 PM,27
Spa,03:19 PM,0,03:19 PM,0,03:19 PM,0,03:19 PM,0,03:19 PM,0,03:19 PM,0
Aquaplex Pool Deck,02:39 PM,3,02:39 PM,3,02:39 PM,3,04:07 PM,2,04:07 PM,2,04:07 PM,2
Tennis Courts,07:57 PM,0,07:57 PM,0,07:57 PM,0,07:57 PM,0,07:57 PM,0,07:57 PM,0
Arc Floor One,05:11 PM,126,05:11 PM,126,06:08 PM,126,12/07/2022,06:08 PM,126,06:08 PM,126,06:08 PM
Climbing,05:11 PM,20,05:11 PM,20,06:08 PM,21,12/07/2022,06:08 PM,21,06:08 PM,21,06:08 PM
Arc Olympic Lifting Zones,05:11 PM,57,05:11 PM,57,06:08 PM,60,12/07/2022,06:08 PM,60,06:08 PM,60,06:08 PM
Arc Floor Two,05:11 PM,91,05:11 PM,91,06:08 PM,105,12/07/2022,06:08 PM,105,06:08 PM,105,06:08 PM
South Court,03:02 PM,0,03:02 PM,0,06:08 PM,0,12/07/2022,06:08 PM,0,06:08 PM,0,06:08 PM
Four Court Gym,05:11 PM,26,05:11 PM,26,06:08 PM,33,12/07/2022,06:08 PM,33,06:08 PM,33,06:08 PM
North Court,05:11 PM,3,05:11 PM,3,06:08 PM,4,12/07/2022,06:08 PM,4,06:08 PM,4,06:08 PM
Recreation Pool,04:07 PM,2,04:07 PM,2,04:07 PM,2,12/07/2022,06:12 PM,0,06:12 PM,0,06:12 PM
Competition Pool,04:07 PM,0,04:07 PM,0,04:07 PM,0,12/07/2022,06:12 PM,1,06:12 PM,1,06:12 PM
Arc Express,05:01 PM,27,05:32 PM,26,06:02 PM,25,12/07/2022,06:02 PM,25,07:30 PM,15,07:30 PM
Spa,03:19 PM,0,03:19 PM,0,03:19 PM,0,12/03/2022,03:19 PM,0,03:19 PM,0,03:19 PM
Aquaplex Pool Deck,04:07 PM,2,04:07 PM,2,04:07 PM,2,12/07/2022,06:12 PM,2,06:12 PM,2,08:11 PM
Tennis Courts,07:57 PM,0,07:57 PM,0,07:57 PM,0,12/07/2022,06:12 PM,0,06:12 PM,0,08:11 PM
Arc Floor One,126,06:08 PM,126,06:08 PM,126,06:08 PM,126,09:23 PM,128,09:23 PM,128,10:10 PM
Climbing,21,06:08 PM,21,06:08 PM,21,06:08 PM,21,06:08 PM,21,06:08 PM,21,10:10 PM
Arc Olympic Lifting Zones,60,06:08 PM,60,06:08 PM,60,06:08 PM,60,09:23 PM,53,09:23 PM,53,10:10 PM
Arc Floor Two,105,06:08 PM,105,06:08 PM,105,06:08 PM,105,09:23 PM,74,09:23 PM,74,10:10 PM
South Court,0,06:08 PM,0,06:08 PM,0,06:08 PM,0,09:23 PM,0,09:23 PM,0,10:10 PM
Four Court Gym,33,06:08 PM,33,06:08 PM,33,06:08 PM,33,09:23 PM,78,09:23 PM,78,10:10 PM
North Court,4,06:08 PM,4,06:08 PM,4,06:08 PM,4,09:23 PM,9,09:23 PM,9,10:10 PM
Recreation Pool,0,06:12 PM,0,06:12 PM,0,09:02 PM,0,09:02 PM,0,09:02 PM,0,09:02 PM
Competition Pool,1,06:12 PM,1,06:12 PM,1,09:02 PM,0,09:02 PM,0,09:02 PM,0,09:02 PM
Arc Express,15,08:40 PM,20,08:59 PM,19,08:59 PM,19,09:29 PM,12,10:00 PM,0,10:00 PM
Spa,0,03:19 PM,0,03:19 PM,0,03:19 PM,0,03:19 PM,0,03:19 PM,0,03:19 PM
Aquaplex Pool Deck,1,08:11 PM,1,08:11 PM,1,09:02 PM,0,09:02 PM,0,09:02 PM,0,09:02 PM
Tennis Courts,0,08:11 PM,0,08:11 PM,0,08:11 PM,0,08:11 PM,0,08:11 PM,0,08:11 PM
Arc Floor One,83,11:20 PM,67,12/08/2022,05:34 AM,17,06:04 AM,34,07:24 AM,49,08:05 AM,42
Climbing,0,10:10 PM,0,12/07/2022,10:10 PM,0,10:10 PM,0,10:10 PM,0,10:10 PM,0
Arc Olympic Lifting Zones,39,11:20 PM,28,12/08/2022,05:34 AM,12,06:04 AM,22,07:24 AM,36,08:05 AM,21
Arc Floor Two,64,11:20 PM,56,12/08/2022,05:34 AM,5,06:04 AM,13,07:24 AM,53,08:05 AM,33
South Court,5,11:20 PM,9,12/08/2022,05:34 AM,0,06:04 AM,0,07:24 AM,0,08:05 AM,0
Four Court Gym,75,11:20 PM,54,12/08/2022,05:34 AM,0,06:04 AM,0,07:24 AM,1,08:05 AM,0
North Court,0,11:20 PM,2,12/08/2022,05:34 AM,0,06:04 AM,0,07:24 AM,0,08:05 AM,0
Recreation Pool,0,09:02 PM,0,12/07/2022,09:02 PM,0,09:02 PM,0,09:02 PM,0,09:02 PM,0
Competition Pool,0,09:02 PM,0,12/07/2022,09:02 PM,0,09:02 PM,0,09:02 PM,0,09:02 PM,0
Arc Express,0,10:00 PM,0,12/07/2022,10:00 PM,0,10:00 PM,0,10:00 PM,0,10:00 PM,0
Spa,0,03:19 PM,0,12/03/2022,03:19 PM,0,03:19 PM,0,03:19 PM,0,03:19 PM,0
Aquaplex Pool Deck,0,09:02 PM,0,12/07/2022,09:02 PM,0,09:02 PM,0,09:02 PM,0,09:02 PM,0
Tennis Courts,0,08:11 PM,0,12/07/2022,08:11 PM,0,08:11 PM,0,08:11 PM,0,08:11 PM,0
Arc Floor One,12/08/2022,08:05 AM,42,12/03/2022,03:09 PM,75,03:09 PM,75,03:09 PM,75,12/03/2022,03:09 PM
Climbing,12/07/2022,10:10 PM,0,12/07/2022,10:10 PM,0,10:10 PM,0,10:10 PM,0,12/07/2022,10:10 PM
Arc Olympic Lifting Zones,12/08/2022,08:05 AM,21,12/03/2022,03:09 PM,40,03:09 PM,40,03:09 PM,40,12/03/2022,03:09 PM
Arc Floor Two,12/08/2022,08:05 AM,33,12/03/2022,03:09 PM,64,03:09 PM,64,03:09 PM,64,12/03/2022,03:09 PM
South Court,12/08/2022,08:05 AM,0,12/03/2022,03:09 PM,0,03:09 PM,0,03:09 PM,0,12/03/2022,03:09 PM
Four Court Gym,12/08/2022,08:05 AM,0,11/30/2022,10:11 PM,26,10:11 PM,26,10:11 PM,26,11/30/2022,10:11 PM
North Court,12/08/2022,08:05 AM,0,11/30/2022,10:11 PM,26,10:11 PM,26,10:11 PM,26,11/30/2022,10:11 PM
Recreation Pool,12/07/2022,09:02 PM,0,12/07/2022,09:02 PM,0,09:02 PM,0,09:02 PM,0,12/08/2022,10:04 AM
Competition Pool,12/07/2022,09:02 PM,0,12/07/2022,09:02 PM,0,09:02 PM,0,09:02 PM,0,12/08/2022,10:04 AM
Arc Express,12/08/2022,08:38 AM,10,12/08/2022,08:38 AM,10,09:09 AM,8,09:47 AM,6,12/08/2022,09:47 AM
Spa,12/03/2022,03:19 PM,0,12/03/2022,03:19 PM,0,03:19 PM,0,03:19 PM,0,12/03/2022,03:19 PM
Aquaplex Pool Deck,12/07/2022,09:02 PM,0,12/07/2022,09:02 PM,0,09:02 PM,0,09:02 PM,0,12/08/2022,10:04 AM
Tennis Courts,12/07/2022,08:11 PM,0,12/07/2022,08:11 PM,0,08:11 PM,0,08:11 PM,0,12/07/2022,08:11 PM
Arc Floor One,75,12/08/2022,10:14 AM,71,10:14 AM,71,11:07 AM,99,11:07 AM,99,11:07 AM,12:07 PM
Climbing,0,12/07/2022,10:10 PM,0,10:10 PM,0,10:10 PM,0,10:10 PM,0,10:10 PM,10:10 PM
Arc Olympic Lifting Zones,40,12/08/2022,10:14 AM,36,10:14 AM,36,11:07 AM,54,11:07 AM,54,11:07 AM,12:07 PM
Arc Floor Two,64,12/08/2022,10:14 AM,47,10:14 AM,47,11:07 AM,81,11:07 AM,81,11:07 AM,12:07 PM
South Court,0,12/08/2022,10:14 AM,0,10:14 AM,0,11:07 AM,0,11:07 AM,0,11:07 AM,12:07 PM
Four Court Gym,26,12/08/2022,10:14 AM,18,10:14 AM,18,11:07 AM,19,11:07 AM,19,11:07 AM,12:07 PM
North Court,26,12/08/2022,10:14 AM,0,10:14 AM,0,11:07 AM,0,11:07 AM,0,11:07 AM,12:07 PM
Recreation Pool,2,12/08/2022,10:04 AM,2,10:04 AM,2,11:07 AM,1,11:07 AM,1,11:07 AM,12:02 PM
Competition Pool,0,12/08/2022,10:04 AM,0,10:04 AM,0,11:07 AM,2,11:07 AM,2,11:07 AM,12:02 PM
Arc Express,6,12/08/2022,09:47 AM,6,10:45 AM,18,10:45 AM,18,11:27 AM,17,11:43 AM,12:04 PM
Spa,0,12/03/2022,03:19 PM,0,03:19 PM,0,03:19 PM,0,03:19 PM,0,03:19 PM,03:19 PM
Aquaplex Pool Deck,6,12/08/2022,10:04 AM,6,10:04 AM,6,11:07 AM,7,11:07 AM,7,11:07 AM,12:02 PM
Tennis Courts,0,12/07/2022,08:11 PM,0,08:11 PM,0,08:11 PM,0,08:11 PM,0,08:11 PM,08:11 PM
Arc Floor One,111,01:06 PM,105,01:06 PM,105,12/08/2022,02:08 PM,105,02:08 PM,105,02:08 PM,105
Climbing,0,10:10 PM,0,10:10 PM,0,12/08/2022,02:08 PM,3,02:08 PM,3,02:08 PM,3
Arc Olympic Lifting Zones,59,01:06 PM,54,01:06 PM,54,12/08/2022,02:08 PM,49,02:08 PM,49,02:08 PM,49
Arc Floor Two,81,01:06 PM,80,01:06 PM,80,12/08/2022,02:08 PM,68,02:08 PM,68,02:08 PM,68
South Court,0,01:06 PM,2,01:06 PM,2,12/08/2022,02:08 PM,6,02:08 PM,6,02:08 PM,6
Four Court Gym,11,01:06 PM,2,01:06 PM,2,12/08/2022,02:08 PM,17,02:08 PM,17,02:08 PM,17
North Court,0,01:06 PM,0,01:06 PM,0,12/08/2022,02:08 PM,1,02:08 PM,1,02:08 PM,1
Recreation Pool,3,01:04 PM,2,01:04 PM,2,12/08/2022,01:04 PM,2,01:04 PM,2,01:04 PM,2
Competition Pool,7,01:04 PM,5,01:04 PM,5,12/08/2022,01:04 PM,5,01:04 PM,5,01:04 PM,5
Arc Express,19,01:01 PM,18,01:26 PM,20,12/08/2022,02:05 PM,19,02:32 PM,20,03:03 PM,21
Spa,0,03:19 PM,0,03:19 PM,0,12/03/2022,03:19 PM,0,03:19 PM,0,03:19 PM,0
Aquaplex Pool Deck,7,01:04 PM,3,01:04 PM,3,12/08/2022,01:04 PM,3,01:04 PM,3,01:04 PM,3
Tennis Courts,0,08:11 PM,0,08:11 PM,0,12/07/2022,08:11 PM,0,08:11 PM,0,08:11 PM,0
Arc Floor One,03:15 PM,113,03:15 PM,113,04:09 PM,127,04:09 PM,127,04:09 PM,127,12/08/2022,05:26 PM
Climbing,03:15 PM,19,03:15 PM,19,04:09 PM,19,04:09 PM,19,04:09 PM,19,12/08/2022,05:26 PM
Arc Olympic Lifting Zones,03:15 PM,63,03:15 PM,63,04:09 PM,57,04:09 PM,57,04:09 PM,57,12/08/2022,05:26 PM
Arc Floor Two,03:15 PM,86,03:15 PM,86,04:09 PM,77,04:09 PM,77,04:09 PM,77,12/08/2022,05:26 PM
South Court,03:15 PM,6,03:15 PM,6,04:09 PM,2,04:09 PM,2,04:09 PM,2,12/08/2022,05:26 PM
Four Court Gym,03:15 PM,21,03:15 PM,21,04:09 PM,14,04:09 PM,14,04:09 PM,14,12/08/2022,05:26 PM
North Court,03:15 PM,4,03:15 PM,4,04:09 PM,4,04:09 PM,4,04:09 PM,4,12/08/2022,05:26 PM
Recreation Pool,01:04 PM,2,03:32 PM,2,03:32 PM,2,03:32 PM,2,03:32 PM,2,12/08/2022,03:32 PM
Competition Pool,01:04 PM,5,03:32 PM,4,03:32 PM,4,03:32 PM,4,03:32 PM,4,12/08/2022,05:24 PM
Arc Express,03:03 PM,21,03:30 PM,19,03:30 PM,19,04:30 PM,23,05:14 PM,29,12/08/2022,05:14 PM
Spa,03:19 PM,0,03:19 PM,0,03:19 PM,0,03:19 PM,0,03:19 PM,0,12/03/2022,03:19 PM
Aquaplex Pool Deck,01:04 PM,3,03:32 PM,11,03:32 PM,11,03:32 PM,11,03:32 PM,11,12/08/2022,05:24 PM
Tennis Courts,08:11 PM,0,08:11 PM,0,08:11 PM,0,08:11 PM,0,08:11 PM,0,12/08/2022,05:24 PM
Arc Floor One,111,05:26 PM,111,06:13 PM,92,06:13 PM,92,07:23 PM,126,07:59 PM,112,09:30 PM
Climbing,16,05:26 PM,16,06:13 PM,0,06:13 PM,0,06:13 PM,0,06:13 PM,0,06:13 PM
Arc Olympic Lifting Zones,46,05:26 PM,46,06:13 PM,42,06:13 PM,42,07:23 PM,39,07:59 PM,33,09:30 PM
Arc Floor Two,71,05:26 PM,71,06:13 PM,70,06:13 PM,70,07:23 PM,72,07:59 PM,65,09:30 PM
South Court,15,05:26 PM,15,06:13 PM,9,06:13 PM,9,07:23 PM,21,07:59 PM,23,09:30 PM
Four Court Gym,8,05:26 PM,8,06:13 PM,18,06:13 PM,18,07:23 PM,28,07:59 PM,87,09:30 PM
North Court,3,05:26 PM,3,06:13 PM,6,06:13 PM,6,07:23 PM,6,07:59 PM,8,09:30 PM
Recreation Pool,2,03:32 PM,2,03:32 PM,2,03:32 PM,2,03:32 PM,2,03:32 PM,2,03:32 PM
Competition Pool,8,05:24 PM,8,05:24 PM,8,05:24 PM,8,05:24 PM,8,05:24 PM,8,05:24 PM
Arc Express,29,06:02 PM,26,06:02 PM,26,07:09 PM,12,07:09 PM,12,07:09 PM,12,07:09 PM
Spa,0,03:19 PM,0,03:19 PM,0,03:19 PM,0,03:19 PM,0,03:19 PM,0,03:19 PM
Aquaplex Pool Deck,1,05:24 PM,1,05:24 PM,1,05:24 PM,1,05:24 PM,1,05:24 PM,1,05:24 PM
Tennis Courts,18,05:24 PM,18,05:24 PM,18,05:24 PM,18,05:24 PM,18,05:24 PM,18,05:24 PM
Arc Floor One,121,09:58 PM,86,12/09/2022,12:10 AM,Closed,0,06:18 AM,Open,26,12/09/2022,06:18 AM
Climbing,0,06:13 PM,0,12/08/2022,06:13 PM,Closed,0,06:13 PM,Closed,0,12/08/2022,06:13 PM
Arc Olympic Lifting Zones,40,09:58 PM,53,12/09/2022,12:10 AM,Closed,0,06:18 AM,Open,11,12/09/2022,06:18 AM
Arc Floor Two,53,09:58 PM,69,12/09/2022,12:10 AM,Closed,0,06:18 AM,Open,14,12/09/2022,06:18 AM
South Court,24,09:30 PM,24,12/09/2022,12:10 AM,Closed,24,12:10 AM,Closed,24,12/09/2022,12:10 AM
Four Court Gym,132,09:58 PM,158,12/09/2022,12:10 AM,Closed,0,12:10 AM,Closed,0,12/09/2022,12:10 AM
North Court,10,09:30 PM,10,12/09/2022,12:10 AM,Closed,10,12:10 AM,Closed,10,12/09/2022,12:10 AM
Recreation Pool,2,03:32 PM,2,12/08/2022,03:32 PM,Open,2,03:32 PM,Open,2,12/08/2022,03:32 PM
Competition Pool,8,05:24 PM,8,12/08/2022,05:24 PM,Open,8,05:24 PM,Open,8,12/08/2022,05:24 PM
Arc Express,12,09:57 PM,0,12/08/2022,09:57 PM,Closed,0,09:57 PM,Closed,0,12/09/2022,08:00 AM
Spa,0,03:19 PM,0,12/03/2022,03:19 PM,Closed,0,03:19 PM,Closed,0,12/03/2022,03:19 PM
Aquaplex Pool Deck,1,05:24 PM,1,12/08/2022,05:24 PM,Open,1,05:24 PM,Open,1,12/08/2022,05:24 PM
Tennis Courts,18,05:24 PM,18,12/08/2022,05:24 PM,Open,18,05:24 PM,Open,18,12/08/2022,05:24 PM
Arc Floor One,Open,06:18 AM,26,06:18 AM,26,12/09/2022,06:18 AM,Open,26,06:18 AM,26,06:18 AM
Climbing,Closed,06:13 PM,0,06:13 PM,0,12/08/2022,06:13 PM,Closed,0,06:13 PM,0,06:13 PM
Arc Olympic Lifting Zones,Open,06:18 AM,11,06:18 AM,11,12/09/2022,06:18 AM,Open,11,06:18 AM,11,06:18 AM
Arc Floor Two,Open,06:18 AM,14,06:18 AM,14,12/09/2022,06:18 AM,Open,14,06:18 AM,14,06:18 AM
South Court,Closed,12:10 AM,24,12:10 AM,24,12/09/2022,12:10 AM,Closed,24,12:10 AM,24,12:10 AM
Four Court Gym,Closed,12:10 AM,0,12:10 AM,0,12/09/2022,12:10 AM,Closed,0,12:10 AM,0,12:10 AM
North Court,Closed,12:10 AM,10,12:10 AM,10,12/09/2022,12:10 AM,Closed,10,12:10 AM,10,12:10 AM
Recreation Pool,Open,03:32 PM,2,03:32 PM,2,12/05/2022,11:12 AM,Open,0,11:12 AM,0,02:33 PM
Competition Pool,Open,05:24 PM,8,05:24 PM,8,12/05/2022,11:12 AM,Open,1,11:12 AM,1,02:33 PM
Arc Express,Open,08:30 AM,4,09:00 AM,5,12/09/2022,09:00 AM,Open,5,09:30 AM,8,10:01 AM
Spa,Closed,03:19 PM,0,03:19 PM,0,12/03/2022,03:19 PM,Closed,0,03:19 PM,0,03:19 PM
Aquaplex Pool Deck,Open,05:24 PM,1,05:24 PM,1,12/05/2022,11:12 AM,Open,0,11:12 AM,0,02:33 PM
Tennis Courts,Open,05:24 PM,18,05:24 PM,18,12/05/2022,10:03 AM,Closed,0,10:03 AM,0,10:03 AM
Arc Floor One,26,12/09/2022,06:18 AM,26,06:18 AM,26,06:18 AM,26,06:18 AM,26,12/09/2022,06:18 AM
Climbing,0,12/08/2022,06:13 PM,0,06:13 PM,0,06:13 PM,0,06:13 PM,0,12/08/2022,06:13 PM
Arc Olympic Lifting Zones,11,12/09/2022,06:18 AM,11,06:18 AM,11,06:18 AM,11,06:18 AM,11,12/09/2022,06:18 AM
Arc Floor Two,14,12/09/2022,06:18 AM,14,06:18 AM,14,06:18 AM,14,06:18 AM,14,12/09/2022,06:18 AM
South Court,24,12/09/2022,12:10 AM,24,12:10 AM,24,12:10 AM,24,12:10 AM,24,12/09/2022,12:10 AM
Four Court Gym,0,12/09/2022,12:10 AM,0,12:10 AM,0,12:10 AM,0,12:10 AM,0,12/09/2022,12:10 AM
North Court,10,12/09/2022,12:10 AM,10,12:10 AM,10,12:10 AM,10,12:10 AM,10,12/09/2022,12:10 AM
Recreation Pool,3,12/09/2022,10:09 AM,6,10:09 AM,6,10:09 AM,6,10:09 AM,6,12/09/2022,12:04 PM
Competition Pool,0,12/09/2022,10:09 AM,1,10:09 AM,1,10:09 AM,1,10:09 AM,1,12/09/2022,12:04 PM
Arc Express,11,12/09/2022,10:01 AM,11,10:30 AM,13,11:00 AM,18,11:30 AM,16,12/09/2022,12:03 PM
Spa,0,12/03/2022,03:19 PM,0,03:19 PM,0,03:19 PM,0,03:19 PM,0,12/03/2022,03:19 PM
Aquaplex Pool Deck,0,12/05/2022,02:33 PM,0,02:33 PM,0,02:33 PM,0,02:33 PM,0,12/09/2022,12:04 PM
Tennis Courts,0,12/05/2022,10:03 AM,0,10:03 AM,0,10:03 AM,0,10:03 AM,0,12/05/2022,10:03 AM
Arc Floor One,26,06:18 AM,26,06:18 AM,26,01:15 PM,75,12/09/2022,01:15 PM,75,01:15 PM,75
Climbing,0,06:13 PM,0,06:13 PM,0,06:13 PM,0,12/08/2022,06:13 PM,0,06:13 PM,0
Arc Olympic Lifting Zones,11,06:18 AM,11,06:18 AM,11,01:15 PM,44,12/09/2022,01:15 PM,44,01:15 PM,44
Arc Floor Two,14,06:18 AM,14,06:18 AM,14,01:15 PM,63,12/09/2022,01:15 PM,63,01:15 PM,63
South Court,24,12:10 AM,24,12:10 AM,24,01:15 PM,0,12/09/2022,01:15 PM,0,01:15 PM,0
Four Court Gym,0,12:10 AM,0,12:10 AM,0,01:15 PM,6,12/09/2022,01:15 PM,6,01:15 PM,6
North Court,10,12:10 AM,10,12:10 AM,10,01:15 PM,0,12/09/2022,01:15 PM,0,01:15 PM,0
Recreation Pool,1,12:04 PM,1,12:04 PM,1,12:04 PM,1,12/09/2022,01:26 PM,1,01:26 PM,1
Competition Pool,0,12:04 PM,0,12:04 PM,0,12:04 PM,0,12/09/2022,01:26 PM,0,01:26 PM,0
Arc Express,11,12:35 PM,9,01:02 PM,12,01:02 PM,12,12/09/2022,01:02 PM,12,01:32 PM,16
Spa,0,03:19 PM,0,03:19 PM,0,03:19 PM,0,12/03/2022,03:19 PM,0,03:19 PM,0
Aquaplex Pool Deck,5,12:04 PM,5,12:04 PM,5,12:04 PM,5,12/09/2022,01:26 PM,2,01:26 PM,2
Tennis Courts,0,10:03 AM,0,10:03 AM,0,10:03 AM,0,12/09/2022,01:26 PM,0,01:26 PM,0
Arc Floor One,01:15 PM,75,12/09/2022,02:15 PM,Open,98,02:15 PM,98,02:15 PM,98,02:15 PM,98
Climbing,06:13 PM,0,12/09/2022,02:15 PM,Open,10,02:15 PM,10,02:15 PM,10,02:15 PM,10
Arc Olympic Lifting Zones,01:15 PM,44,12/09/2022,02:15 PM,Open,48,02:15 PM,48,02:15 PM,48,02:15 PM,48
Arc Floor Two,01:15 PM,63,12/09/2022,02:15 PM,Open,77,02:15 PM,77,02:15 PM,77,02:15 PM,77
South Court,01:15 PM,0,12/09/2022,02:15 PM,Open,0,02:15 PM,0,02:15 PM,0,02:15 PM,0
Four Court Gym,01:15 PM,6,12/09/2022,02:15 PM,Open,12,02:15 PM,12,02:15 PM,12,02:15 PM,12
North Court,01:15 PM,0,12/09/2022,02:15 PM,Open,0,02:15 PM,0,02:15 PM,0,02:15 PM,0
Recreation Pool,01:26 PM,1,12/09/2022,01:26 PM,Open,1,01:26 PM,1,01:26 PM,1,03:10 PM,6
Competition Pool,01:26 PM,0,12/09/2022,01:26 PM,Closed,0,01:26 PM,0,01:26 PM,0,03:10 PM,0
Arc Express,02:03 PM,11,12/09/2022,02:03 PM,Open,11,02:32 PM,19,03:03 PM,24,03:03 PM,24
Spa,03:19 PM,0,12/03/2022,03:19 PM,Closed,0,03:19 PM,0,03:19 PM,0,03:19 PM,0
Aquaplex Pool Deck,01:26 PM,2,12/09/2022,01:26 PM,Open,2,01:26 PM,2,01:26 PM,2,03:10 PM,0
Tennis Courts,01:26 PM,0,12/09/2022,01:26 PM,Closed,0,01:26 PM,0,01:26 PM,0,01:26 PM,0
Arc Floor One,03:26 PM,140,03:26 PM,140,03:26 PM,140,03:26 PM,140,03:26 PM,140,03:26 PM,140
Climbing,03:26 PM,25,03:26 PM,25,03:26 PM,25,03:26 PM,25,03:26 PM,25,03:26 PM,25
Arc Olympic Lifting Zones,03:26 PM,59,03:26 PM,59,03:26 PM,59,03:26 PM,59,03:26 PM,59,03:26 PM,59
Arc Floor Two,03:26 PM,89,03:26 PM,89,03:26 PM,89,03:26 PM,89,03:26 PM,89,03:26 PM,89
South Court,03:26 PM,0,03:26 PM,0,03:26 PM,0,03:26 PM,0,03:26 PM,0,03:26 PM,0
Four Court Gym,03:26 PM,28,03:26 PM,28,03:26 PM,28,03:26 PM,28,03:26 PM,28,03:26 PM,28
North Court,03:26 PM,0,03:26 PM,0,03:26 PM,0,03:26 PM,0,03:26 PM,0,03:26 PM,0
Recreation Pool,03:10 PM,6,03:10 PM,6,03:10 PM,6,04:21 PM,3,04:21 PM,3,04:21 PM,3
Competition Pool,03:10 PM,0,03:10 PM,0,03:10 PM,0,04:21 PM,0,04:21 PM,0,04:21 PM,0
Arc Express,03:03 PM,24,03:36 PM,23,04:01 PM,19,04:01 PM,19,04:31 PM,15,05:02 PM,7
Spa,03:19 PM,0,03:19 PM,0,03:19 PM,0,03:19 PM,0,03:19 PM,0,03:19 PM,0
Aquaplex Pool Deck,03:10 PM,0,03:10 PM,0,03:10 PM,0,04:21 PM,0,04:21 PM,0,04:21 PM,0
Tennis Courts,01:26 PM,0,01:26 PM,0,01:26 PM,0,01:26 PM,0,01:26 PM,0,01:26 PM,0
Arc Floor One,03:26 PM,140,03:26 PM,140,05:59 PM,110,05:59 PM,110,05:59 PM,110,05:59 PM,110
Climbing,03:26 PM,25,03:26 PM,25,05:59 PM,10,05:59 PM,10,05:59 PM,10,05:59 PM,10
Arc Olympic Lifting Zones,03:26 PM,59,03:26 PM,59,05:59 PM,41,05:59 PM,41,05:59 PM,41,05:59 PM,41
Arc Floor Two,03:26 PM,89,03:26 PM,89,05:59 PM,69,05:59 PM,69,05:59 PM,69,05:59 PM,69
South Court,03:26 PM,0,03:26 PM,0,05:59 PM,6,05:59 PM,6,05:59 PM,6,05:59 PM,6
Four Court Gym,03:26 PM,28,03:26 PM,28,05:59 PM,14,05:59 PM,14,05:59 PM,14,05:59 PM,14
North Court,03:26 PM,0,03:26 PM,0,05:59 PM,0,05:59 PM,0,05:59 PM,0,05:59 PM,0
Recreation Pool,05:25 PM,2,05:25 PM,2,05:25 PM,2,05:25 PM,2,05:25 PM,2,05:25 PM,2
Competition Pool,05:25 PM,1,05:25 PM,1,05:25 PM,1,05:25 PM,1,05:25 PM,1,05:25 PM,1
Arc Express,05:02 PM,7,05:36 PM,12,05:36 PM,12,06:07 PM,9,06:33 PM,17,07:06 PM,10
Spa,03:19 PM,0,03:19 PM,0,03:19 PM,0,03:19 PM,0,03:19 PM,0,03:19 PM,0
Aquaplex Pool Deck,05:25 PM,0,05:25 PM,0,05:25 PM,0,05:25 PM,0,05:25 PM,0,05:25 PM,0
Tennis Courts,01:26 PM,0,01:26 PM,0,01:26 PM,0,01:26 PM,0,01:26 PM,0,01:26 PM,0
Arc Floor One,07:21 PM,77,07:57 PM,74,07:57 PM,74,07:57 PM,74,07:57 PM,74
Climbing,05:59 PM,10,07:57 PM,0,07:57 PM,0,07:57 PM,0,07:57 PM,0
Arc Olympic Lifting Zones,07:21 PM,45,07:57 PM,43,07:57 PM,43,07:57 PM,43,07:57 PM,43
Arc Floor Two,07:21 PM,59,07:57 PM,46,07:57 PM,46,07:57 PM,46,07:57 PM,46
South Court,07:21 PM,2,07:57 PM,4,07:57 PM,4,07:57 PM,4,07:57 PM,4
Four Court Gym,07:21 PM,38,07:57 PM,38,07:57 PM,38,07:57 PM,38,07:57 PM,38
North Court,07:21 PM,1,07:57 PM,2,07:57 PM,2,07:57 PM,2,07:57 PM,2
Recreation Pool,07:23 PM,0,07:23 PM,0,07:23 PM,0,07:23 PM,0,07:23 PM,0
Competition Pool,07:23 PM,0,07:23 PM,0,07:23 PM,0,07:23 PM,0,07:23 PM,0
Arc Express,07:06 PM,10,07:06 PM,10,08:02 PM,17,09:03 PM,6,09:35 PM,3
Spa,03:19 PM,0,03:19 PM,0,03:19 PM,0,03:19 PM,0,03:19 PM,0
Aquaplex Pool Deck,07:23 PM,0,07:23 PM,0,07:23 PM,0,07:23 PM,0,07:23 PM,0
Tennis Courts,01:26 PM,0,01:26 PM,0,01:26 PM,0,01:26 PM,0,01:26 PM,0
